class_index,class_name,optimal_threshold,num_positive_examples
0,Alekhine_Defense,0.01,14
1,Alekhine_Defense_Balogh_Variation,0.00021955253783767463,1
2,Alekhine_Defense_Brooklyn_Variation,0.5,0
3,Alekhine_Defense_Exchange_Variation,0.0004228183685504178,1
4,Alekhine_Defense_Four_Pawns_Attack,0.0003253176993527042,2
5,Alekhine_Defense_Hunt_Variation,0.5,0
6,Alekhine_Defense_Kmoch_Variation,0.5,0
7,Alekhine_Defense_Krejcik_Variation,0.5,0
8,Alekhine_Defense_Maroczy_Variation,0.5,0
9,Alekhine_Defense_Modern_Variation,0.5,0
10,Alekhine_Defense_Mokele_Mbembe,0.5,0
11,Alekhine_Defense_Normal_Variation,0.00048203316870963544,1
12,Alekhine_Defense_OSullivan_Gambit,0.5,0
13,Alekhine_Defense_Other_variations,0.0008142714930301279,4
14,Alekhine_Defense_Samisch_Attack,0.5,0
15,Alekhine_Defense_Scandinavian_Variation,0.0004228183685504178,2
16,Alekhine_Defense_Spielmann_Gambit,0.5,0
17,Alekhine_Defense_Steiner_Variation,0.5,0
18,Alekhine_Defense_The_Squirrel,0.5,0
19,Alekhine_Defense_Two_Pawn_Attack,0.0003253176993527042,2
20,Alekhine_Defense_Two_Pawns_Attack,0.00019258186341850763,1
21,Alekhine_Defense_Welling_Variation,0.5,0
22,Amar_Gambit,0.5,0
23,Amar_Gambit_Other_variations,0.5,0
24,Amar_Opening,0.5,0
25,Amar_Opening_Other_variations,0.5,0
26,Amar_Opening_Paris_Gambit,0.5,0
27,Amazon_Attack,0.5,1
28,Amazon_Attack_Other_variations,0.5,0
29,Amazon_Attack_Siberian_Attack,0.5,1
30,Amsterdam_Attack,0.5,0
31,Amsterdam_Attack_Other_variations,0.5,0
32,Anderssens_Opening,0.0009283084585962946,2
33,Anderssens_Opening_Other_variations,0.0009283084585962946,2
34,Anderssens_Opening_Polish_Gambit,0.5,0
35,Australian_Defense,0.5,0
36,Australian_Defense_Other_variations,0.5,0
37,Barnes_Defense,0.5,0
38,Barnes_Defense_Other_variations,0.5,0
39,Barnes_Opening,0.5,0
40,Barnes_Opening_Hammerschlag,0.5,0
41,Barnes_Opening_Other_variations,0.5,0
42,Barnes_Opening_Walkerling,0.5,0
43,Benko_Gambit,0.0009283084585962946,3
44,Benko_Gambit_Accepted,0.0008142714930301279,2
45,Benko_Gambit_Accepted_Central_Storming_Variation,0.5,0
46,Benko_Gambit_Accepted_Dlugy_Variation,0.5,0
47,Benko_Gambit_Accepted_Fianchetto_Variation,0.5,0
48,Benko_Gambit_Accepted_Fully_Accepted_Variation,0.00037087774117744725,2
49,Benko_Gambit_Accepted_King_Walk_Variation,0.5,0
50,Benko_Gambit_Accepted_Modern_Variation,0.5,0
51,Benko_Gambit_Accepted_Other_variations,0.5,0
52,Benko_Gambit_Accepted_Pawn_Return_Variation,0.5,0
53,Benko_Gambit_Accepted_Yugoslav,0.5,0
54,Benko_Gambit_Declined,0.5,0
55,Benko_Gambit_Declined_Bishop_Attack,0.5,0
56,Benko_Gambit_Declined_Hjrring_Countergambit,0.5,0
57,Benko_Gambit_Declined_Main_Line,0.5,0
58,Benko_Gambit_Declined_Pseudo-Samisch,0.5,0
59,Benko_Gambit_Declined_Quiet_Line,0.5,0
60,Benko_Gambit_Declined_Sosonko_Variation,0.5,0
61,Benko_Gambit_Fianchetto_Variation,0.5,0
62,Benko_Gambit_Nescafe_Frappe_Attack,0.5,0
63,Benko_Gambit_Other_variations,0.0007142432649639984,3
64,Benko_Gambit_Zaitsev_System,0.5,0
65,Benko_Gambit_Zaitsev_Variation,0.5,0
66,Benoni_Defense,0.02484848484848485,24
67,Benoni_Defense_Benoni-Indian_Defense,0.00019258186341850763,2
68,Benoni_Defense_Benoni-Staunton_Gambit,0.5,0
69,Benoni_Defense_Benoni_Gambit,0.5,0
70,Benoni_Defense_Benoni_Gambit_Accepted,0.0034428894424011155,4
71,Benoni_Defense_Classical,0.5,0
72,Benoni_Defense_Classical_Variation,0.00016892436991625885,1
73,Benoni_Defense_Cormorant_Gambit,0.5,0
74,Benoni_Defense_Czech_Benoni_Defense,0.5,0
75,Benoni_Defense_Fianchetto_Variation,0.5,0
76,Benoni_Defense_Four_Pawns_Attack,0.5,0
77,Benoni_Defense_Franco-Sicilian_Hybrid,0.5,0
78,Benoni_Defense_French_Benoni,0.0017877537278363695,5
79,Benoni_Defense_Hawk_Variation,0.5,0
80,Benoni_Defense_Hromadka_System,0.00019258186341850763,1
81,Benoni_Defense_Kings_Indian_System,0.5,0
82,Benoni_Defense_Kings_Pawn_Line,0.5,0
83,Benoni_Defense_Knights_Tour_Variation,0.5,0
84,Benoni_Defense_Mikenas_Variation,0.5,0
85,Benoni_Defense_Modern_Variation,0.5,0
86,Benoni_Defense_Old_Benoni,0.012768910595214079,9
87,Benoni_Defense_Other_variations,0.0034428894424011155,2
88,Benoni_Defense_Pawn_Storm_Variation,0.5,0
89,Benoni_Defense_Semi-Benoni,0.5,0
90,Benoni_Defense_Snail_Variation,0.5,0
91,Benoni_Defense_Taimanov_Variation,0.5,0
92,Benoni_Defense_Uhlmann_Variation,0.5,0
93,Benoni_Defense_Weenink_Variation,0.5,0
94,Benoni_Defense_Woozle,0.5,0
95,Benoni_Defense_Zilbermints-Benoni_Gambit,0.5,0
96,Bird_Opening,0.008617565943014284,15
97,Bird_Opening_Batavo-Polish_Attack,0.5,0
98,Bird_Opening_Double_Duck_Formation,0.5,0
99,Bird_Opening_Dutch_Variation,0.003019951720402016,8
100,Bird_Opening_Froms_Gambit,0.0009283084585962946,2
101,Bird_Opening_Hobbs-Zilbermints_Gambit,0.5,0
102,Bird_Opening_Hobbs_Gambit,0.5,0
103,Bird_Opening_Horsefly_Defense,0.5,0
104,Bird_Opening_Lasker_Gambit,0.5,0
105,Bird_Opening_Lasker_Variation,0.5,0
106,Bird_Opening_Mujannah,0.5,0
107,Bird_Opening_Myers_Defense,0.5,0
108,Bird_Opening_Other_variations,0.004474754678371293,5
109,Bird_Opening_Schlechter_Gambit,0.5,0
110,Bird_Opening_Sturm_Gambit,0.5,0
111,Bird_Opening_Thomas_Gambit,0.5,0
112,Bird_Opening_Wagner-Zwitersch_Gambit,0.5,0
113,Bird_Opening_Williams-Zilbermints_Gambit,0.5,0
114,Bird_Opening_Williams_Gambit,0.5,0
115,Bishops_Opening,0.028034467266016237,35
116,Bishops_Opening_Anderssen_Gambit,0.5,0
117,Bishops_Opening_Berlin_Defense,0.003925058679752383,5
118,Bishops_Opening_Boden-Kieseritzky_Gambit,0.0002503003970120017,1
119,Bishops_Opening_Boi_Variation,0.002323559757362519,5
120,Bishops_Opening_Calabrese_Countergambit,0.5,0
121,Bishops_Opening_Horwitz_Gambit,0.5,0
122,Bishops_Opening_Khan_Gambit,0.5,0
123,Bishops_Opening_Kitchener_Folly,0.5,0
124,Bishops_Opening_Lewis_Countergambit,0.5,0
125,Bishops_Opening_Lewis_Gambit,0.0002503003970120017,2
126,Bishops_Opening_Lopez_Variation,0.5,0
127,Bishops_Opening_McDonnell_Gambit,0.5,0
128,Bishops_Opening_Other_variations,0.012768910595214079,7
129,Bishops_Opening_Pachman_Gambit,0.5,0
130,Bishops_Opening_Philidor_Counterattack,0.00028535442751605026,3
131,Bishops_Opening_Philidor_Variation,0.5,0
132,Bishops_Opening_Ponziani_Gambit,0.0012065309350097495,4
133,Bishops_Opening_Stein_Gambit,0.5,0
134,Bishops_Opening_Urusov_Gambit,0.0020381247798099637,2
135,Bishops_Opening_Vienna_Hybrid,0.005101434415464325,6
136,Bishops_Opening_Warsaw_Gambit,0.5,0
137,Blackmar-Diemer_Gambit,0.005101434415464325,7
138,Blackmar-Diemer_Gambit_Accepted,0.0008142714930301279,4
139,Blackmar-Diemer_Gambit_Accepted_Bogoljubow_Defense,0.5,0
140,Blackmar-Diemer_Gambit_Accepted_Euwe_Defense,0.0001,1
141,Blackmar-Diemer_Gambit_Accepted_Gunderam_Defense,0.5,0
142,Blackmar-Diemer_Gambit_Accepted_Kaulich_Defense,0.5,0
143,Blackmar-Diemer_Gambit_Accepted_Other_variations,0.5,0
144,Blackmar-Diemer_Gambit_Accepted_Pietrowsky_Defense,0.5,0
145,Blackmar-Diemer_Gambit_Accepted_Ritter_Defense,0.5,0
146,Blackmar-Diemer_Gambit_Accepted_Ryder_Gambit,0.00014817305350085574,1
147,Blackmar-Diemer_Gambit_Accepted_Schlutter_Defense,0.5,0
148,Blackmar-Diemer_Gambit_Accepted_Tartakower_Variation,0.5,0
149,Blackmar-Diemer_Gambit_Accepted_Teichmann_Defense,0.00037087774117744725,2
150,Blackmar-Diemer_Gambit_Accepted_Ziegler_Defense,0.5,0
151,Blackmar-Diemer_Gambit_Blackmar_Gambit,0.5,0
152,Blackmar-Diemer_Gambit_Bogoljubov_Variation,0.5,0
153,Blackmar-Diemer_Gambit_Declined,0.5,0
154,Blackmar-Diemer_Gambit_Declined_Brombacher_Countergambit,0.5,0
155,Blackmar-Diemer_Gambit_Declined_Elbert_Countergambit,0.5,0
156,Blackmar-Diemer_Gambit_Declined_Lamb_Defense,0.5,0
157,Blackmar-Diemer_Gambit_Declined_Langeheinecke_Defense,0.5,0
158,Blackmar-Diemer_Gambit_Declined_Langeheinicke_Defense,0.5,0
159,Blackmar-Diemer_Gambit_Declined_OKelly_Defense,0.5,0
160,Blackmar-Diemer_Gambit_Declined_Vienna_Defense,0.5,0
161,Blackmar-Diemer_Gambit_Declined_Weinsbach_Declination,0.5,0
162,Blackmar-Diemer_Gambit_Declined_Weinsbach_Defense,0.5,0
163,Blackmar-Diemer_Gambit_Diemer-Rosenberg_Attack,0.5,0
164,Blackmar-Diemer_Gambit_Euwe_Defense,0.5,0
165,Blackmar-Diemer_Gambit_Fritz_Attack,0.5,0
166,Blackmar-Diemer_Gambit_Gedult_Gambit,0.5,0
167,Blackmar-Diemer_Gambit_Kaulich_Defense,0.5,0
168,Blackmar-Diemer_Gambit_Lemberger_Countergambit,0.5,0
169,Blackmar-Diemer_Gambit_Netherlands_Variation,0.5,0
170,Blackmar-Diemer_Gambit_Other_variations,0.0009283084585962946,2
171,Blackmar-Diemer_Gambit_Pietrowsky_Defense,0.5,0
172,Blackmar-Diemer_Gambit_Rasa-Studier_Gambit,0.5,0
173,Blackmar-Diemer_Gambit_Reversed_Albin_Countergambit,0.5,0
174,Blackmar-Diemer_Gambit_Ritter_Defense,0.5,0
175,Blackmar-Diemer_Gambit_Ryder_Gambit,0.0004228183685504178,1
176,Blackmar-Diemer_Gambit_Tartakower_Variation,0.5,1
177,Blackmar-Diemer_Gambit_Teichmann_Variation,0.5,0
178,Blackmar-Diemer_Gambit_Vienna_Variation,0.0003253176993527042,1
179,Blackmar-Diemer_Gambit_Zeller_Defense,0.00011400478422028553,1
180,Blackmar-Diemer_Gambit_Ziegler_Defense,0.00021955253783767463,1
181,Blackmar-Diemer_Gambit_von_Popiel_Gambit,0.5,0
182,Blumenfeld_Countergambit,0.5,0
183,Blumenfeld_Countergambit_Accepted,0.5,1
184,Blumenfeld_Countergambit_Accepted_Other_variations,0.5,1
185,Blumenfeld_Countergambit_Dus-Khotimirsky_Variation,0.5,0
186,Blumenfeld_Countergambit_Duz-Khotimirsky_Variation,0.5,0
187,Blumenfeld_Countergambit_Other_variations,0.5,0
188,Blumenfeld_Countergambit_Spielmann_Variation,0.5,0
189,Bogo-Indian_Defense,0.5,0
190,Bogo-Indian_Defense_Exchange_Variation,0.5,0
191,Bogo-Indian_Defense_Grunfeld_Variation,0.5,0
192,Bogo-Indian_Defense_Haiti_Variation,0.5,0
193,Bogo-Indian_Defense_New_England_Variation,0.5,0
194,Bogo-Indian_Defense_Nimzowitsch_Variation,0.5,0
195,Bogo-Indian_Defense_Other_variations,0.5,0
196,Bogo-Indian_Defense_Retreat_Variation,0.5,0
197,Bogo-Indian_Defense_Vitolins_Variation,0.5,0
198,Bogo-Indian_Defense_Wade-Smyslov_Variation,0.5,0
199,Bongcloud_Attack,0.5,0
200,Bongcloud_Attack_Other_variations,0.5,0
201,Borg_Defense,0.5,0
202,Borg_Defense_Borg_Gambit,0.5,0
203,Borg_Defense_Other_variations,0.5,0
204,Borg_Defense_Troon_Gambit,0.5,0
205,Borg_Defense_Zilbermints_Gambit,0.5,0
206,Borg_Opening,0.5,0
207,Borg_Opening_Zilbermints_Gambit,0.5,0
208,Bronstein_Gambit,0.5,0
209,Bronstein_Gambit_Other_variations,0.5,0
210,Canard_Opening,0.5,0
211,Canard_Opening_Other_variations,0.5,0
212,Caro-Kann_Defense,0.05398929946034567,121
213,Caro-Kann_Defense_Accelerated_Panov_Attack,0.003925058679752383,3
214,Caro-Kann_Defense_Advance,0.5,0
215,Caro-Kann_Defense_Advance_Variation,0.02484848484848485,25
216,Caro-Kann_Defense_Alekhine_Gambit,0.5,0
217,Caro-Kann_Defense_Alien_Gambit,0.5,0
218,Caro-Kann_Defense_Apocalypse_Attack,0.5,0
219,Caro-Kann_Defense_Breyer_Variation,0.5,0
220,Caro-Kann_Defense_Bronstein-Larsen_Variation,0.00012997090825113853,1
221,Caro-Kann_Defense_Campomanes_Attack,0.5,0
222,Caro-Kann_Defense_Classical_Variation,0.004474754678371293,5
223,Caro-Kann_Defense_De_Bruycker_Defense,0.5,0
224,Caro-Kann_Defense_Edinburgh_Variation,0.5,0
225,Caro-Kann_Defense_Endgame_Offer,0.5,0
226,Caro-Kann_Defense_Endgame_Variation,0.5,0
227,Caro-Kann_Defense_Euwe_Attack,0.5,0
228,Caro-Kann_Defense_Exchange_Variation,0.007558951145737014,17
229,Caro-Kann_Defense_Finnish_Variation,0.5,0
230,Caro-Kann_Defense_Forgacs_Variation,0.5,0
231,Caro-Kann_Defense_Goldman_Variation,0.00021955253783767463,1
232,Caro-Kann_Defense_Gurgenidze_Counterattack,0.5,0
233,Caro-Kann_Defense_Gurgenidze_System,0.5,1
234,Caro-Kann_Defense_Hector_Gambit,0.5,0
235,Caro-Kann_Defense_Hillbilly_Attack,0.001375502989008857,5
236,Caro-Kann_Defense_Karpov_Variation,0.0007142432649639984,1
237,Caro-Kann_Defense_Labahn_Attack,0.5,0
238,Caro-Kann_Defense_Main_Line,0.0010583160551213644,3
239,Caro-Kann_Defense_Maroczy_Variation,0.0017877537278363695,6
240,Caro-Kann_Defense_Martian_Gambit,0.5,0
241,Caro-Kann_Defense_Masi_Variation,0.5,0
242,Caro-Kann_Defense_Massachusetts_Defense,0.5,0
243,Caro-Kann_Defense_Mieses_Gambit,0.5,0
244,Caro-Kann_Defense_Modern_Variation,0.5,0
245,Caro-Kann_Defense_Other_variations,0.016595869074375613,32
246,Caro-Kann_Defense_Panov-Botvinnik,0.5,0
247,Caro-Kann_Defense_Panov_Attack,0.0017877537278363695,9
248,Caro-Kann_Defense_Rasa-Studier_Gambit,0.00019258186341850763,2
249,Caro-Kann_Defense_Scorpion-Horus_Gambit,0.5,0
250,Caro-Kann_Defense_Spike_Variation,0.5,0
251,Caro-Kann_Defense_St_Patricks_Attack,0.5,0
252,Caro-Kann_Defense_Tartakower_Variation,0.0017877537278363695,3
253,Caro-Kann_Defense_Toikkanen_Gambit,0.5,0
254,Caro-Kann_Defense_Two_Knights_Attack,0.003019951720402016,5
255,Caro-Kann_Defense_Ulysses_Gambit,0.00019258186341850763,2
256,Caro-Kann_Defense_von_Hennig_Gambit,0.5,0
257,Carr_Defense,0.5,0
258,Carr_Defense_Other_variations,0.5,0
259,Carr_Defense_Zilbermints_Gambit,0.5,0
260,Catalan_Opening,0.001375502989008857,2
261,Catalan_Opening_Closed,0.5,0
262,Catalan_Opening_Closed_Variation,0.5,0
263,Catalan_Opening_Hungarian_Gambit,0.5,0
264,Catalan_Opening_Open_Defense,0.0008142714930301279,2
265,Catalan_Opening_Other_variations,0.5,0
266,Center_Game,0.01,9
267,Center_Game_Accepted,0.5,0
268,Center_Game_Accepted_Other_variations,0.5,0
269,Center_Game_Berger_Variation,0.5,0
270,Center_Game_Charousek_Variation,0.5,0
271,Center_Game_Halasz-McDonnell_Gambit,0.5,0
272,Center_Game_Hall_Variation,0.5,0
273,Center_Game_Kieseritzky_Variation,0.00016892436991625885,1
274,Center_Game_Lanc-Arnold_Gambit,0.0002503003970120017,1
275,Center_Game_Normal_Variation,0.0007142432649639984,3
276,Center_Game_Other_variations,0.0004228183685504178,4
277,Center_Game_Paulsen_Attack_Variation,0.5,0
278,Center_Game_Ross_Gambit,0.5,0
279,Center_Game_lHermet_Variation,0.5,0
280,Center_Game_von_der_Lasa_Gambit,0.5,0
281,Clemenz_Opening,0.5,1
282,Clemenz_Opening_Other_variations,0.5,1
283,Colle_System,0.5,0
284,Colle_System_Rhamphorhynchus_Variation,0.5,0
285,Crab_Opening,0.5,0
286,Crab_Opening_Other_variations,0.5,0
287,Creepy_Crawly_Formation,0.5,0
288,Creepy_Crawly_Formation_Classical_Defense,0.5,0
289,Czech_Defense,0.000626502887443656,4
290,Czech_Defense_Other_variations,0.000626502887443656,4
291,Danish_Gambit,0.004474754678371293,8
292,Danish_Gambit_Accepted,0.0010583160551213644,9
293,Danish_Gambit_Accepted_Chigorin_Defense,0.00014817305350085574,1
294,Danish_Gambit_Accepted_Classical_Defense,0.5,0
295,Danish_Gambit_Accepted_Copenhagen_Defense,0.0009283084585962946,5
296,Danish_Gambit_Accepted_Other_variations,0.0015681392145631252,2
297,Danish_Gambit_Accepted_Schlechter_Defense,0.0001,1
298,Danish_Gambit_Accepted_Svenonius_Defense,0.5,0
299,Danish_Gambit_Declined,0.5,0
300,Danish_Gambit_Declined_Sorensen_Defense,0.5,0
301,Danish_Gambit_Other_variations,0.004474754678371293,8
302,Dory_Defense,0.5,0
303,Dory_Defense_Other_variations,0.5,0
304,Duras_Gambit,0.0012065309350097495,2
305,Duras_Gambit_Other_variations,0.0012065309350097495,2
306,Dutch_Defense,0.007558951145737014,18
307,Dutch_Defense_Alapin_Variation,0.5,0
308,Dutch_Defense_Alekhine_Variation,0.5,0
309,Dutch_Defense_Bellon_Gambit,0.5,0
310,Dutch_Defense_Blackburne_Variation,0.5,0
311,Dutch_Defense_Blackmars_Second_Gambit,0.5,0
312,Dutch_Defense_Classical_Variation,0.5,0
313,Dutch_Defense_Fianchetto_Attack,0.5,0
314,Dutch_Defense_Fianchetto_Variation,0.00011400478422028553,1
315,Dutch_Defense_Hevendehl_Gambit,0.5,0
316,Dutch_Defense_Hopton_Attack,0.00014817305350085574,1
317,Dutch_Defense_Hort-Antoshin_System,0.5,0
318,Dutch_Defense_Janzen-Korchnoi_Gambit,0.00014817305350085574,2
319,Dutch_Defense_Kingfisher_Gambit,0.5,0
320,Dutch_Defense_Korchnoi_Attack,0.5,0
321,Dutch_Defense_Krause_Variation,0.5,0
322,Dutch_Defense_Krejcik_Gambit,0.5,0
323,Dutch_Defense_Leningrad_Variation,0.5,0
324,Dutch_Defense_Manhattan_Gambit,0.5,0
325,Dutch_Defense_Nimzo-Dutch_Variation,0.5,0
326,Dutch_Defense_Normal_Variation,0.0015681392145631252,3
327,Dutch_Defense_Omega-Isis_Gambit,0.5,0
328,Dutch_Defense_Other_variations,0.0026489692876105297,8
329,Dutch_Defense_Queens_Knight_Variation,0.0009283084585962946,2
330,Dutch_Defense_Raphael_Variation,0.00019258186341850763,1
331,Dutch_Defense_Rubinstein_Variation,0.5,0
332,Dutch_Defense_Semi-Leningrad_Variation,0.5,0
333,Dutch_Defense_Spielmann_Gambit,0.5,0
334,Dutch_Defense_Staunton_Gambit,0.5,0
335,Dutch_Defense_Staunton_Gambit_Accepted,0.5,0
336,Dutch_Defense_Stonewall,0.5,0
337,Dutch_Defense_Stonewall_Variation,0.5,0
338,East_Indian_Defense,0.5,0
339,East_Indian_Defense_Other_variations,0.5,0
340,Elephant_Gambit,0.006630380643615142,7
341,Elephant_Gambit_Maroczy_Gambit,0.5,0
342,Elephant_Gambit_Other_variations,0.005101434415464325,4
343,Elephant_Gambit_Paulsen_Countergambit,0.0020381247798099637,3
344,Elephant_Gambit_Wasp_Variation,0.5,0
345,English_Defense,0.0034428894424011155,11
346,English_Defense_Eastbourne_Gambit,0.5,0
347,English_Defense_Hartlaub_Gambit_Accepted,0.5,0
348,English_Defense_Hartlaub_Gambit_Declined,0.5,0
349,English_Defense_Other_variations,0.0034428894424011155,11
350,English_Defense_Perrin_Variation,0.5,0
351,English_Defense_Poli_Gambit,0.5,0
352,English_Opening,0.05454545454545455,83
353,English_Opening_Achilles-Omega_Gambit,0.5,0
354,English_Opening_Adorjan_Defense,0.5,0
355,English_Opening_Agincourt_Defense,0.0026489692876105297,5
356,English_Opening_Anglo-Dutch_Defense,0.5,0
357,English_Opening_Anglo-Dutch_Variation,0.5,0
358,English_Opening_Anglo-Grunfeld_Defense,0.5,0
359,English_Opening_Anglo-Indian_Defense,0.016595869074375613,16
360,English_Opening_Anglo-Lithuanian_Variation,0.5,0
361,English_Opening_Anglo-Scandinavian_Defense,0.001375502989008857,3
362,English_Opening_Carls-Bremen_System,0.0005495408738576248,4
363,English_Opening_Caro-Kann_Defensive_System,0.0020381247798099637,3
364,English_Opening_Drill_Variation,0.5,0
365,English_Opening_Four_Knights_System,0.5,0
366,English_Opening_Great_Snake_Variation,0.0017877537278363695,1
367,English_Opening_Jaenisch_Gambit,0.5,0
368,English_Opening_Kings_English,0.5,0
369,English_Opening_Kings_English_Variation,0.012768910595214079,30
370,English_Opening_Mikenas-Carls,0.5,1
371,English_Opening_Mikenas-Carls_Variation,0.5,0
372,English_Opening_Myers_Defense,0.5,0
373,English_Opening_Myers_Gambit,0.5,0
374,English_Opening_Neo-Catalan,0.5,0
375,English_Opening_Neo-Catalan_Declined,0.5,0
376,English_Opening_Other_variations,0.0007142432649639984,2
377,English_Opening_Romanishin_Gambit,0.5,0
378,English_Opening_Symmetrical,0.5,0
379,English_Opening_Symmetrical_Variation,0.02459060596250655,17
380,English_Opening_The_Whale,0.00019258186341850763,1
381,English_Opening_Wade_Gambit,0.5,0
382,English_Opening_Wing_Gambit,0.5,0
383,English_Orangutan,0.5,0
384,English_Orangutan_Other_variations,0.5,0
385,Englund_Gambit,0.008617565943014284,13
386,Englund_Gambit_Complex,0.006630380643615142,11
387,Englund_Gambit_Complex_Declined,0.0004228183685504178,2
388,Englund_Gambit_Complex_Declined_Diemer_Counterattack,0.5,0
389,Englund_Gambit_Complex_Declined_Other_variations,0.0004228183685504178,2
390,Englund_Gambit_Complex_Englund_Gambit,0.001375502989008857,7
391,Englund_Gambit_Complex_Felbecker_Gambit,0.5,0
392,Englund_Gambit_Complex_Hartlaub-Charlick_Gambit,0.0012065309350097495,1
393,Englund_Gambit_Complex_Mosquito_Gambit,0.5,0
394,Englund_Gambit_Complex_Soller_Gambit,0.5,0
395,Englund_Gambit_Complex_Soller_Gambit_Deferred,0.0002503003970120017,1
396,Englund_Gambit_Complex_Stockholm_Variation,0.00037087774117744725,1
397,Englund_Gambit_Complex_Zilbermints_Gambit,0.00016892436991625885,1
398,Englund_Gambit_Declined,0.0017877537278363695,5
399,Englund_Gambit_Declined_Diemer_Counterattack,0.5,0
400,Englund_Gambit_Declined_Other_variations,0.0001,1
401,Englund_Gambit_Declined_Reversed_Alekhine,0.5,0
402,Englund_Gambit_Declined_Reversed_Brooklyn,0.5,0
403,Englund_Gambit_Declined_Reversed_French,0.0005495408738576248,3
404,Englund_Gambit_Declined_Reversed_Krebs,0.5,0
405,Englund_Gambit_Declined_Reversed_Mokele_Mbembe,0.0001,1
406,Englund_Gambit_Felbecker_Gambit,0.5,0
407,Englund_Gambit_Hartlaub-Charlick_Gambit,0.0009283084585962946,1
408,Englund_Gambit_Main_Line,0.00019258186341850763,1
409,Englund_Gambit_Mosquito_Gambit,0.5,0
410,Englund_Gambit_Other_variations,0.006630380643615142,10
411,Englund_Gambit_Soller_Gambit,0.5,0
412,Englund_Gambit_Soller_Gambit_Deferred,0.5,0
413,Englund_Gambit_Stockholm_Variation,0.00021955253783767463,1
414,Englund_Gambit_Zilbermints_Gambit,0.5,0
415,Formation,0.5,0
416,Formation_Shy_Attack,0.5,0
417,Four_Knights_Game,0.031960633913928393,31
418,Four_Knights_Game_Bardeleben_Variation,0.5,0
419,Four_Knights_Game_Double_Spanish,0.5,0
420,Four_Knights_Game_Glek_System,0.5,0
421,Four_Knights_Game_Gunsberg_Counterattack,0.5,0
422,Four_Knights_Game_Gunsberg_Variation,0.5,0
423,Four_Knights_Game_Halloween_Gambit,0.0010583160551213644,3
424,Four_Knights_Game_Italian_Variation,0.014557168971354988,11
425,Four_Knights_Game_Marshall_Variation,0.5,0
426,Four_Knights_Game_Nimzowitsch_Variation,0.5,0
427,Four_Knights_Game_Other_variations,0.0008142714930301279,2
428,Four_Knights_Game_Ranken_Variation,0.5,1
429,Four_Knights_Game_Rubinstein_Countergambit,0.5,0
430,Four_Knights_Game_Scotch_Variation,0.0015681392145631252,2
431,Four_Knights_Game_Scotch_Variation_Accepted,0.0020381247798099637,5
432,Four_Knights_Game_Spanish_Variation,0.0034428894424011155,7
433,Four_Knights_Game_Spielmann_Variation,0.5,0
434,Four_Knights_Game_Symmetrical,0.5,0
435,French_Defense,0.05454545454545455,131
436,French_Defense_Advance_Variation,0.02484848484848485,25
437,French_Defense_Alapin_Gambit,0.5,0
438,French_Defense_Alekhine-Chatard_Attack,0.5,0
439,French_Defense_Baeuerle_Gambit,0.5,0
440,French_Defense_Banzai-Leong_Gambit,0.5,0
441,French_Defense_Bird_Invitation,0.5,0
442,French_Defense_Burn_Variation,0.5,0
443,French_Defense_Carlson_Gambit,0.5,0
444,French_Defense_Chigorin_Variation,0.00028535442751605026,2
445,French_Defense_Classical_Variation,0.0015681392145631252,1
446,French_Defense_Diemer-Duhm_Gambit,0.5,0
447,French_Defense_Diemer-Duhm_Gambit_Accepted,0.5,0
448,French_Defense_Exchange_Variation,0.014557168971354988,19
449,French_Defense_Franco-Hiva_Gambit,0.5,0
450,French_Defense_Franco-Hiva_Gambit_Accepted,0.5,0
451,French_Defense_Franco-Sicilian_Defense,0.0012065309350097495,2
452,French_Defense_Henneberger_Variation,0.5,1
453,French_Defense_Horwitz_Attack,0.5,0
454,French_Defense_Kings_Indian_Attack,0.0003253176993527042,3
455,French_Defense_Knight_Variation,0.009824437458374248,14
456,French_Defense_La_Bourdonnais_Variation,0.0020381247798099637,5
457,French_Defense_MacCutcheon_Variation,0.5,0
458,French_Defense_Mediterranean_Defense,0.5,0
459,French_Defense_Morphy_Gambit,0.5,0
460,French_Defense_Normal_Variation,0.003925058679752383,11
461,French_Defense_Orthoschnapp_Gambit,0.00028535442751605026,1
462,French_Defense_Other_variations,0.003019951720402016,4
463,French_Defense_Paulsen_Variation,0.0012065309350097495,3
464,French_Defense_Pelikan_Variation,0.5,0
465,French_Defense_Perseus_Gambit,0.00012997090825113853,1
466,French_Defense_Queens_Knight,0.001375502989008857,4
467,French_Defense_Reti-Spielmann_Attack,0.5,0
468,French_Defense_Reversed_Philidor_Formation,0.5,0
469,French_Defense_Rubinstein_Variation,0.0026489692876105297,4
470,French_Defense_Schlechter_Variation,0.0004228183685504178,2
471,French_Defense_St_George_Defense,0.00012997090825113853,1
472,French_Defense_Steiner_Variation,0.001375502989008857,4
473,French_Defense_Steinitz_Attack,0.00048203316870963544,4
474,French_Defense_Steinitz_Variation,0.0008142714930301279,2
475,French_Defense_Tarrasch_Variation,0.006630380643615142,7
476,French_Defense_Two_Knights_Variation,0.0012065309350097495,3
477,French_Defense_Winawer_Variation,0.0020381247798099637,7
478,French_Defense_Wing_Gambit,0.00037087774117744725,1
479,Fried_Fox_Defense,0.5,0
480,Fried_Fox_Defense_Other_variations,0.5,0
481,Gedults_Opening,0.5,0
482,Gedults_Opening_Other_variations,0.5,0
483,Giuoco_Piano,0.00037087774117744725,2
484,Giuoco_Piano_Other_variations,0.00037087774117744725,2
485,Global_Opening,0.5,0
486,Global_Opening_Other_variations,0.5,0
487,Goldsmith_Defense,0.00019258186341850763,1
488,Goldsmith_Defense_Other_variations,0.00019258186341850763,1
489,Goldsmith_Defense_Picklepuss_Defense,0.5,0
490,Grob_Opening,0.0020381247798099637,7
491,Grob_Opening_Alessi_Gambit,0.5,0
492,Grob_Opening_Double_Grob,0.5,0
493,Grob_Opening_Grob_Gambit,0.5,1
494,Grob_Opening_Grob_Gambit_Declined,0.5,0
495,Grob_Opening_Keene_Defense,0.5,0
496,Grob_Opening_London_Defense,0.5,0
497,Grob_Opening_Other_variations,0.0015681392145631252,5
498,Grob_Opening_Romford_Countergambit,0.5,0
499,Grob_Opening_Spike,0.5,1
500,Grob_Opening_Spike_Attack,0.5,0
501,Grob_Opening_Zilbermints_Gambit,0.5,0
502,Grunfeld_Defense,0.002323559757362519,4
503,Grunfeld_Defense_Botvinnik_Variation,0.5,0
504,Grunfeld_Defense_Brinckmann_Attack,0.5,0
505,Grunfeld_Defense_Counterthrust_Variation,0.5,0
506,Grunfeld_Defense_Exchange_Variation,0.0020381247798099637,2
507,Grunfeld_Defense_Flohr_Variation,0.5,0
508,Grunfeld_Defense_Lundin_Variation,0.5,0
509,Grunfeld_Defense_Lutikov_Variation,0.5,0
510,Grunfeld_Defense_Makogonov_Variation,0.5,0
511,Grunfeld_Defense_Opocensky_Variation,0.5,0
512,Grunfeld_Defense_Other_variations,0.5,0
513,Grunfeld_Defense_Pachman_Variation,0.5,0
514,Grunfeld_Defense_Russian_Variation,0.5,0
515,Grunfeld_Defense_Smyslov_Defense,0.5,0
516,Grunfeld_Defense_Stockholm_Variation,0.5,0
517,Grunfeld_Defense_Three_Knights_Variation,0.0005495408738576248,2
518,Grunfeld_Defense_Zaitsev_Gambit,0.5,0
519,Guatemala_Defense,0.5,0
520,Guatemala_Defense_Other_variations,0.5,0
521,Gunderam_Defense,0.5,0
522,Gunderam_Defense_Other_variations,0.5,0
523,Hippopotamus_Defense,0.5,0
524,Hippopotamus_Defense_Other_variations,0.5,0
525,Horwitz_Defense,0.011200328725276466,16
526,Horwitz_Defense_Other_variations,0.011200328725276466,16
527,Hungarian_Opening,0.003925058679752383,7
528,Hungarian_Opening_Bucker_Gambit,0.5,0
529,Hungarian_Opening_Catalan_Formation,0.5,0
530,Hungarian_Opening_Dutch_Defense,0.5,0
531,Hungarian_Opening_Indian_Defense,0.5,0
532,Hungarian_Opening_Myers_Defense,0.5,0
533,Hungarian_Opening_Other_variations,0.0012065309350097495,5
534,Hungarian_Opening_Reversed_Alekhine,0.5,0
535,Hungarian_Opening_Reversed_Modern_Defense,0.5,0
536,Hungarian_Opening_Reversed_Norwegian_Defense,0.5,0
537,Hungarian_Opening_Sicilian_Invitation,0.5,0
538,Hungarian_Opening_Slav_Formation,0.00012997090825113853,1
539,Hungarian_Opening_Symmetrical_Variation,0.00019258186341850763,1
540,Hungarian_Opening_Van_Kuijk_Gambit,0.5,0
541,Indian_Defense,0.028034467266016237,56
542,Indian_Defense_Anti-Grunfeld,0.5,0
543,Indian_Defense_Anti-Nimzo-Indian,0.0012065309350097495,3
544,Indian_Defense_Budapest_Defense,0.005815879297489488,6
545,Indian_Defense_Colle_System,0.5,0
546,Indian_Defense_Czech-Indian,0.5,0
547,Indian_Defense_Devin_Gambit,0.5,0
548,Indian_Defense_Dory_Indian,0.5,0
549,Indian_Defense_Dzindzi-Indian_Defense,0.5,0
550,Indian_Defense_Gedult_Attack,0.5,0
551,Indian_Defense_Gibbins-Weidenhagen_Gambit,0.5,0
552,Indian_Defense_Gibbins-Weidenhagen_Gambit_Accepted,0.5,0
553,Indian_Defense_Gibbins-Wiedenhagen_Gambit,0.5,0
554,Indian_Defense_Gibbins-Wiedenhagen_Gambit_Accepted,0.5,0
555,Indian_Defense_Kings_Indian_Variation,0.5,0
556,Indian_Defense_Knights_Variation,0.000626502887443656,1
557,Indian_Defense_Lazard_Gambit,0.5,0
558,Indian_Defense_London_System,0.0020381247798099637,5
559,Indian_Defense_Maddigan_Gambit,0.5,0
560,Indian_Defense_Medusa_Gambit,0.5,0
561,Indian_Defense_Normal_Variation,0.000626502887443656,1
562,Indian_Defense_Omega_Gambit,0.5,0
563,Indian_Defense_Other_variations,0.0215698017681358,30
564,Indian_Defense_Paleface_Attack,0.5,0
565,Indian_Defense_Pawn_Push_Variation,0.0004228183685504178,1
566,Indian_Defense_Polish_Variation,0.5,0
567,Indian_Defense_Przepiorka_Variation,0.00048203316870963544,1
568,Indian_Defense_Pseudo-Benko,0.00012997090825113853,1
569,Indian_Defense_Pyrenees_Gambit,0.5,0
570,Indian_Defense_Reversed_Chigorin_Defense,0.0010583160551213644,1
571,Indian_Defense_Seirawan_Attack,0.0003253176993527042,2
572,Indian_Defense_Spielmann-Indian,0.001375502989008857,1
573,Indian_Defense_Tartakower_Attack,0.5,0
574,Indian_Defense_Wade-Tartakower_Defense,0.0002503003970120017,2
575,Indian_Defense_West_Indian_Defense,0.001375502989008857,1
576,Irish_Gambit,0.5,0
577,Irish_Gambit_Other_variations,0.5,0
578,Italian_Game,0.09909090909090909,129
579,Italian_Game_Anti-Fried_Liver_Defense,0.008617565943014284,9
580,Italian_Game_Birds_Attack,0.5,1
581,Italian_Game_Blackburne-Kostic_Gambit,0.007558951145737014,5
582,Italian_Game_Classical_Variation,0.014557168971354988,25
583,Italian_Game_Deutz_Gambit,0.5,0
584,Italian_Game_Evans_Gambit,0.009824437458374248,8
585,Italian_Game_Evans_Gambit_Accepted,0.5,0
586,Italian_Game_Evans_Gambit_Declined,0.0005495408738576248,1
587,Italian_Game_Giuoco_Pianissimo,0.016595869074375613,21
588,Italian_Game_Giuoco_Piano,0.01,7
589,Italian_Game_Hungarian_Defense,0.002323559757362519,1
590,Italian_Game_Jerome_Gambit,0.5,0
591,Italian_Game_Other_variations,0.002323559757362519,5
592,Italian_Game_Paris_Defense,0.00048203316870963544,2
593,Italian_Game_Rosentreter_Gambit,0.00019258186341850763,1
594,Italian_Game_Rousseau_Gambit,0.0020381247798099637,3
595,Italian_Game_Schilling-Kostic_Gambit,0.5,1
596,Italian_Game_Scotch_Gambit,0.003925058679752383,6
597,Italian_Game_Scotch_Gambit_Declined,0.00019258186341850763,1
598,Italian_Game_Scotch_Invitation_Declined,0.5,0
599,Italian_Game_Two_Knights_Defense,0.047357047188497765,32
600,Kadas_Opening,0.0004228183685504178,2
601,Kadas_Opening_Beginners_Trap,0.5,0
602,Kadas_Opening_Kadas_Gambit,0.5,0
603,Kadas_Opening_Myers_Variation,0.5,0
604,Kadas_Opening_Other_variations,0.0004228183685504178,2
605,Kadas_Opening_Schneider_Gambit,0.5,0
606,Kangaroo_Defense,0.5,0
607,Kangaroo_Defense_Keres_Defense,0.5,0
608,Kangaroo_Defense_Other_variations,0.5,0
609,Kings_Gambit,0.01,10
610,Kings_Gambit_Accepted,0.016595869074375613,34
611,Kings_Gambit_Accepted_Abbazia_Defense,0.000626502887443656,2
612,Kings_Gambit_Accepted_Allgaier,0.5,0
613,Kings_Gambit_Accepted_Allgaier_Gambit,0.5,0
614,Kings_Gambit_Accepted_Basman_Gambit,0.5,0
615,Kings_Gambit_Accepted_Becker_Defense,0.5,0
616,Kings_Gambit_Accepted_Bishops_Gambit,0.004474754678371293,6
617,Kings_Gambit_Accepted_Blachly_Gambit,0.5,0
618,Kings_Gambit_Accepted_Bonsch-Osmolovsky_Variation,0.5,1
619,Kings_Gambit_Accepted_Breyer_Gambit,0.5,0
620,Kings_Gambit_Accepted_Carrera_Gambit,0.5,0
621,Kings_Gambit_Accepted_Cunningham_Defense,0.0020381247798099637,7
622,Kings_Gambit_Accepted_Dodo_Variation,0.5,0
623,Kings_Gambit_Accepted_Double_Muzio_Gambit,0.5,0
624,Kings_Gambit_Accepted_Eisenberg_Variation,0.5,0
625,Kings_Gambit_Accepted_Fischer_Defense,0.0020381247798099637,4
626,Kings_Gambit_Accepted_Gaga_Gambit,0.5,1
627,Kings_Gambit_Accepted_Ghulam-Kassim_Gambit,0.5,0
628,Kings_Gambit_Accepted_Gianutio_Countergambit,0.5,0
629,Kings_Gambit_Accepted_Greco_Gambit,0.5,0
630,Kings_Gambit_Accepted_Hanstein_Gambit,0.5,0
631,Kings_Gambit_Accepted_Kieseritzky,0.5,0
632,Kings_Gambit_Accepted_Kieseritzky_Gambit,0.5,0
633,Kings_Gambit_Accepted_Kings_Knights_Gambit,0.002323559757362519,2
634,Kings_Gambit_Accepted_Kotov_Gambit,0.5,0
635,Kings_Gambit_Accepted_Lolli_Gambit,0.5,0
636,Kings_Gambit_Accepted_MacLeod_Defense,0.004474754678371293,4
637,Kings_Gambit_Accepted_Mason-Keres_Gambit,0.5,0
638,Kings_Gambit_Accepted_Mayet_Gambit,0.5,0
639,Kings_Gambit_Accepted_McDonnell_Gambit,0.5,0
640,Kings_Gambit_Accepted_Modern_Defense,0.0009283084585962946,3
641,Kings_Gambit_Accepted_Muzio_Gambit,0.5,0
642,Kings_Gambit_Accepted_Muzio_Gambit_Accepted,0.5,0
643,Kings_Gambit_Accepted_Other_variations,0.5,0
644,Kings_Gambit_Accepted_Paris_Gambit,0.5,0
645,Kings_Gambit_Accepted_Philidor_Gambit,0.5,0
646,Kings_Gambit_Accepted_Polerio_Gambit,0.5,0
647,Kings_Gambit_Accepted_Quaade_Gambit,0.5,0
648,Kings_Gambit_Accepted_Quade_Gambit,0.5,0
649,Kings_Gambit_Accepted_Rosentreter_Gambit,0.5,0
650,Kings_Gambit_Accepted_Salvio_Gambit,0.00028535442751605026,1
651,Kings_Gambit_Accepted_Schallopp_Defense,0.002323559757362519,3
652,Kings_Gambit_Accepted_Silberschmidt_Gambit,0.5,0
653,Kings_Gambit_Accepted_Sorensen_Gambit,0.5,0
654,Kings_Gambit_Accepted_Stamma_Gambit,0.5,0
655,Kings_Gambit_Accepted_Tartakower_Gambit,0.5,0
656,Kings_Gambit_Accepted_Traditional_Variation,0.5,0
657,Kings_Gambit_Accepted_Tumbleweed,0.5,0
658,Kings_Gambit_Accepted_Villemson_Gambit,0.5,0
659,Kings_Gambit_Accepted_Wagenbach_Defense,0.5,0
660,Kings_Gambit_Declined,0.031960633913928393,16
661,Kings_Gambit_Declined_Classical,0.5,0
662,Kings_Gambit_Declined_Classical_Variation,0.00048203316870963544,3
663,Kings_Gambit_Declined_Falkbeer_Countergambit,0.005815879297489488,4
664,Kings_Gambit_Declined_Falkbeer_Countergambit_Accepted,0.5,0
665,Kings_Gambit_Declined_Keene_Defense,0.5,0
666,Kings_Gambit_Declined_Keenes_Defense,0.5,0
667,Kings_Gambit_Declined_Mafia_Defense,0.5,0
668,Kings_Gambit_Declined_Miles_Defense,0.0012065309350097495,1
669,Kings_Gambit_Declined_Norwalde_Variation,0.5,0
670,Kings_Gambit_Declined_Panteldakis_Countergambit,0.00019258186341850763,1
671,Kings_Gambit_Declined_Petrovs_Defense,0.00012997090825113853,2
672,Kings_Gambit_Declined_Queens_Knight_Defense,0.012768910595214079,5
673,Kings_Gambit_Declined_Soller-Zilbermints_Gambit,0.5,0
674,Kings_Gambit_Declined_Zilbermints_Double_Countergambit,0.5,0
675,Kings_Gambit_Other_variations,0.005815879297489488,10
676,Kings_Indian_Attack,0.006630380643615142,10
677,Kings_Indian_Attack_Double_Fianchetto,0.5,0
678,Kings_Indian_Attack_French_Variation,0.0009283084585962946,2
679,Kings_Indian_Attack_Keres_Variation,0.5,0
680,Kings_Indian_Attack_Omega-Delta_Gambit,0.5,0
681,Kings_Indian_Attack_Other_variations,0.003019951720402016,7
682,Kings_Indian_Attack_Pachman_System,0.5,0
683,Kings_Indian_Attack_Sicilian_Variation,0.0004228183685504178,1
684,Kings_Indian_Attack_Smyslov_Variation,0.5,0
685,Kings_Indian_Attack_Spassky_Variation,0.5,0
686,Kings_Indian_Attack_Symmetrical_Defense,0.5,0
687,Kings_Indian_Attack_Wahls_Defense,0.5,0
688,Kings_Indian_Attack_Yugoslav_Variation,0.5,0
689,Kings_Indian_Defense,0.047357047188497765,16
690,Kings_Indian_Defense_Accelerated_Averbakh_Variation,0.5,0
691,Kings_Indian_Defense_Averbakh_Variation,0.5,0
692,Kings_Indian_Defense_Exchange_Variation,0.00012997090825113853,1
693,Kings_Indian_Defense_Fianchetto_Variation,0.014557168971354988,2
694,Kings_Indian_Defense_Four_Pawns_Attack,0.0005495408738576248,1
695,Kings_Indian_Defense_Kazakh_Variation,0.5,0
696,Kings_Indian_Defense_Kramer_Variation,0.5,0
697,Kings_Indian_Defense_Larsen_Variation,0.5,0
698,Kings_Indian_Defense_Makogonov_Variation,0.5,0
699,Kings_Indian_Defense_Normal_Variation,0.011200328725276466,9
700,Kings_Indian_Defense_Orthodox_Variation,0.00019258186341850763,1
701,Kings_Indian_Defense_Other_variations,0.5,0
702,Kings_Indian_Defense_Petrosian_Variation,0.5,1
703,Kings_Indian_Defense_Pomar_System,0.5,0
704,Kings_Indian_Defense_Samisch_Variation,0.5,0
705,Kings_Indian_Defense_Santasiere_Variation,0.5,0
706,Kings_Indian_Defense_Semi-Averbakh_System,0.5,0
707,Kings_Indian_Defense_Semi-Classical_Variation,0.00011400478422028553,1
708,Kings_Indian_Defense_Smyslov_Variation,0.5,0
709,Kings_Indian_Defense_Steiner_Attack,0.5,0
710,Kings_Indian_Defense_Zinnowitz_Variation,0.5,0
711,Kings_Knight_Opening,0.005101434415464325,10
712,Kings_Knight_Opening_Konstantinopolsky,0.0002503003970120017,1
713,Kings_Knight_Opening_Normal_Variation,0.001375502989008857,3
714,Kings_Knight_Opening_Other_variations,0.0017877537278363695,6
715,Kings_Pawn,0.5,0
716,Kings_Pawn_Game,0.02484848484848485,35
717,Kings_Pawn_Game_Alapin_Opening,0.0004228183685504178,2
718,Kings_Pawn_Game_Bavarian_Gambit,0.5,0
719,Kings_Pawn_Game_Beyer_Gambit,0.5,1
720,Kings_Pawn_Game_Busch-Gass_Gambit,0.003925058679752383,6
721,Kings_Pawn_Game_Clam_Variation,0.5,0
722,Kings_Pawn_Game_Damiano_Defense,0.0007142432649639984,1
723,Kings_Pawn_Game_Dresden_Opening,0.5,1
724,Kings_Pawn_Game_Gunderam_Gambit,0.0004228183685504178,1
725,Kings_Pawn_Game_Kings_Head_Opening,0.5,0
726,Kings_Pawn_Game_La_Bourdonnais_Gambit,0.5,0
727,Kings_Pawn_Game_Leonardis_Variation,0.005815879297489488,10
728,Kings_Pawn_Game_MacLeod_Attack,0.5,0
729,Kings_Pawn_Game_Macleod_Attack,0.0003253176993527042,4
730,Kings_Pawn_Game_Maroczy_Defense,0.00048203316870963544,1
731,Kings_Pawn_Game_McConnell_Defense,0.001375502989008857,4
732,Kings_Pawn_Game_Mengarinis_Opening,0.5,0
733,Kings_Pawn_Game_Napoleon_Attack,0.5,0
734,Kings_Pawn_Game_Other_variations,0.0004228183685504178,2
735,Kings_Pawn_Game_Pachman_Wing_Gambit,0.5,0
736,Kings_Pawn_Game_Philidor_Gambit,0.5,0
737,Kings_Pawn_Game_Schulze-Muller_Gambit,0.5,0
738,Kings_Pawn_Game_Tayler_Opening,0.0002503003970120017,1
739,Kings_Pawn_Game_Tortoise_Opening,0.5,0
740,Kings_Pawn_Game_Wayward_Queen_Attack,0.0015681392145631252,1
741,Kings_Pawn_Game_Weber_Gambit,0.5,0
742,Kings_Pawn_Opening,0.00028535442751605026,1
743,Kings_Pawn_Opening_Other_variations,0.00028535442751605026,1
744,Kings_Pawn_Opening_Speers,0.5,0
745,Kings_Pawn_Opening_Van_Hooydoon_Gambit,0.5,0
746,Kings_Pawn_Other_variations,0.5,0
747,Lasker_Simul_Special,0.5,0
748,Lasker_Simul_Special_Other_variations,0.5,0
749,Latvian_Gambit,0.00048203316870963544,1
750,Latvian_Gambit_Accepted,0.0004228183685504178,1
751,Latvian_Gambit_Accepted_Bilguer_Variation,0.5,0
752,Latvian_Gambit_Accepted_Bronstein_Attack,0.5,0
753,Latvian_Gambit_Accepted_Bronstein_Gambit,0.5,0
754,Latvian_Gambit_Accepted_Foltys-Leonhardt_Variation,0.5,0
755,Latvian_Gambit_Accepted_Foltys_Variation,0.5,0
756,Latvian_Gambit_Accepted_Leonhardt_Variation,0.5,0
757,Latvian_Gambit_Accepted_Main_Line,0.00011400478422028553,1
758,Latvian_Gambit_Accepted_Nimzowitsch_Attack,0.5,0
759,Latvian_Gambit_Accepted_Other_variations,0.5,0
760,Latvian_Gambit_Clam_Gambit,0.5,0
761,Latvian_Gambit_Corkscrew_Countergambit,0.5,0
762,Latvian_Gambit_Corkscrew_Gambit,0.5,0
763,Latvian_Gambit_Fraser_Defense,0.5,0
764,Latvian_Gambit_Greco_Variation,0.5,0
765,Latvian_Gambit_Mason_Countergambit,0.5,0
766,Latvian_Gambit_Mayet_Attack,0.5,0
767,Latvian_Gambit_Mlotkowski_Variation,0.5,0
768,Latvian_Gambit_Other_variations,0.00014817305350085574,1
769,Lemming_Defense,0.5,0
770,Lemming_Defense_Other_variations,0.5,0
771,Lion_Defense,0.00028535442751605026,4
772,Lion_Defense_Anti-Philidor,0.00028535442751605026,3
773,Lion_Defense_Bayonet_Attack,0.5,0
774,Lion_Defense_Lions_Jaw,0.00019258186341850763,1
775,London_System,0.5,0
776,London_System_Other_variations,0.5,0
777,London_System_Poisoned_Pawn_Variation,0.5,0
778,Marienbad_System,0.5,0
779,Marienbad_System_Other_variations,0.5,0
780,Mexican_Defense,0.00021955253783767463,2
781,Mexican_Defense_Horsefly_Gambit,0.5,0
782,Mexican_Defense_Other_variations,0.00021955253783767463,2
783,Mieses_Opening,0.0008142714930301279,2
784,Mieses_Opening_Myers_Spike_Attack,0.5,0
785,Mieses_Opening_Other_variations,0.000626502887443656,2
786,Mieses_Opening_Reversed_Rat,0.5,0
787,Mieses_Opening_Venezolana_Variation,0.5,0
788,Mikenas_Defense,0.0005495408738576248,1
789,Mikenas_Defense_Cannstatter_Variation,0.5,0
790,Mikenas_Defense_Lithuanian_Variation,0.5,0
791,Mikenas_Defense_Other_variations,0.00037087774117744725,1
792,Mikenas_Defense_Pozarek_Gambit,0.5,0
793,Modern_Defense,0.014557168971354988,38
794,Modern_Defense_Averbakh_System,0.5,0
795,Modern_Defense_Averbakh_Variation,0.5,0
796,Modern_Defense_Beefeater_Variation,0.5,0
797,Modern_Defense_Bishop_Attack,0.5,0
798,Modern_Defense_Fianchetto_Gambit,0.5,0
799,Modern_Defense_Gellers_System,0.0001,1
800,Modern_Defense_Gurgenidze_Defense,0.5,0
801,Modern_Defense_Kotov_Variation,0.5,0
802,Modern_Defense_Lizard_Defense,0.5,0
803,Modern_Defense_Modern_Pterodactyl,0.0001,1
804,Modern_Defense_Mongredien_Defense,0.0001,1
805,Modern_Defense_Neo-Modern_Defense,0.5,0
806,Modern_Defense_Norwegian_Defense,0.5,0
807,Modern_Defense_Other_variations,0.016595869074375613,28
808,Modern_Defense_Pseudo-Austrian_Attack,0.0003253176993527042,1
809,Modern_Defense_Pterodactyl_Variation,0.5,0
810,Modern_Defense_Randspringer_Variation,0.5,0
811,Modern_Defense_Semi-Averbakh_Variation,0.5,0
812,Modern_Defense_Standard_Defense,0.5,0
813,Modern_Defense_Standard_Line,0.0005495408738576248,1
814,Modern_Defense_Three_Pawns_Attack,0.0002503003970120017,2
815,Modern_Defense_Two_Knights_Variation,0.0002503003970120017,3
816,Modern_Defense_Westermann_Gambit,0.5,0
817,Modern_Defense_Wind_Gambit,0.5,0
818,Montevideo_Defense,0.5,0
819,Montevideo_Defense_Other_variations,0.5,0
820,Neo-Grunfeld_Defense,0.5,0
821,Neo-Grunfeld_Defense_Classical_Variation,0.5,0
822,Neo-Grunfeld_Defense_Delayed_Exchange_Variation,0.5,0
823,Neo-Grunfeld_Defense_Exchange_Variation,0.5,0
824,Neo-Grunfeld_Defense_Goglidze_Attack,0.5,0
825,Neo-Grunfeld_Defense_Non-_or_Delayed_Fianchetto,0.5,0
826,Neo-Grunfeld_Defense_Other_variations,0.5,0
827,Neo-Grunfeld_Defense_Ultra-Delayed_Exchange_Variation,0.5,0
828,Neo-Grunfeld_Defense_Ultra-delayed_Exchange_Variation,0.5,0
829,Neo-Grunfeld_Defense_with_Nf3,0.5,0
830,Neo-Grunfeld_Defense_with_g3,0.5,0
831,Nimzo-Indian_Defense,0.008617565943014284,8
832,Nimzo-Indian_Defense_Classical_Variation,0.5,0
833,Nimzo-Indian_Defense_Fischer_Variation,0.5,0
834,Nimzo-Indian_Defense_Hubner_Variation,0.5,0
835,Nimzo-Indian_Defense_Kmoch_Variation,0.5,0
836,Nimzo-Indian_Defense_Leningrad_Variation,0.00048203316870963544,2
837,Nimzo-Indian_Defense_Mikenas_Attack,0.5,0
838,Nimzo-Indian_Defense_Normal_Line,0.5,0
839,Nimzo-Indian_Defense_Normal_Variation,0.00028535442751605026,3
840,Nimzo-Indian_Defense_Other_variations,0.0017877537278363695,1
841,Nimzo-Indian_Defense_Ragozin_Defense,0.5,0
842,Nimzo-Indian_Defense_Ragozin_Variation,0.5,0
843,Nimzo-Indian_Defense_Reshevsky_Variation,0.5,0
844,Nimzo-Indian_Defense_Romanishin_Variation,0.00014817305350085574,1
845,Nimzo-Indian_Defense_Rubinstein_System,0.5,0
846,Nimzo-Indian_Defense_Samisch_Variation,0.5,0
847,Nimzo-Indian_Defense_Simagin_Variation,0.5,0
848,Nimzo-Indian_Defense_Spielmann_Variation,0.00021955253783767463,1
849,Nimzo-Indian_Defense_St_Petersburg_Variation,0.5,0
850,Nimzo-Indian_Defense_Three_Knights_Variation,0.5,0
851,Nimzo-Larsen_Attack,0.009824437458374248,24
852,Nimzo-Larsen_Attack_Classical_Variation,0.002323559757362519,8
853,Nimzo-Larsen_Attack_Dutch_Variation,0.5,0
854,Nimzo-Larsen_Attack_English_Variation,0.00048203316870963544,3
855,Nimzo-Larsen_Attack_Graz_Attack,0.5,0
856,Nimzo-Larsen_Attack_Indian_Variation,0.0002503003970120017,2
857,Nimzo-Larsen_Attack_Modern_Variation,0.006630380643615142,9
858,Nimzo-Larsen_Attack_Norfolk_Gambit,0.5,0
859,Nimzo-Larsen_Attack_Other_variations,0.0012065309350097495,2
860,Nimzo-Larsen_Attack_Pachman_Gambit,0.5,0
861,Nimzo-Larsen_Attack_Polish_Variation,0.5,0
862,Nimzo-Larsen_Attack_Ringelbach_Gambit,0.5,0
863,Nimzo-Larsen_Attack_Spike_Variation,0.5,0
864,Nimzo-Larsen_Attack_Symmetrical_Variation,0.5,0
865,Nimzowitsch_Defense,0.009824437458374248,15
866,Nimzowitsch_Defense_Breyer_Variation,0.5,0
867,Nimzowitsch_Defense_Colorado_Countergambit,0.0005495408738576248,1
868,Nimzowitsch_Defense_Colorado_Countergambit_Accepted,0.00019258186341850763,2
869,Nimzowitsch_Defense_Declined_Variation,0.5,0
870,Nimzowitsch_Defense_El_Columpio_Defense,0.5,0
871,Nimzowitsch_Defense_Franco-Nimzowitsch_Variation,0.00037087774117744725,1
872,Nimzowitsch_Defense_French_Connection,0.5,0
873,Nimzowitsch_Defense_Hornung_Gambit,0.5,0
874,Nimzowitsch_Defense_Kennedy_Variation,0.0020381247798099637,4
875,Nimzowitsch_Defense_Mikenas_Variation,0.5,0
876,Nimzowitsch_Defense_Neo-Mongoloid_Defense,0.5,0
877,Nimzowitsch_Defense_Other_variations,0.0012065309350097495,2
878,Nimzowitsch_Defense_Pirc_Connection,0.5,0
879,Nimzowitsch_Defense_Pseudo-Spanish_Variation,0.5,0
880,Nimzowitsch_Defense_Scandinavian_Variation,0.0017877537278363695,4
881,Nimzowitsch_Defense_Williams_Variation,0.0004228183685504178,1
882,Nimzowitsch_Defense_Woodchuck_Variation,0.5,0
883,Norwegian_Defense,0.5,0
884,Norwegian_Defense_Other_variations,0.5,0
885,Old_Indian_Defense,0.0012065309350097495,3
886,Old_Indian_Defense_Czech_Variation,0.5,0
887,Old_Indian_Defense_Dus-Khotimirsky_Variation,0.5,0
888,Old_Indian_Defense_Janowski_Variation,0.00014817305350085574,1
889,Old_Indian_Defense_Normal_Variation,0.5,0
890,Old_Indian_Defense_Other_variations,0.0008142714930301279,2
891,Old_Indian_Defense_Tartakower-Indian,0.5,0
892,Old_Indian_Defense_Two_Knights_Variation,0.5,0
893,Old_Indian_Defense_Ukrainian_Variation,0.5,0
894,Owen_Defense,0.01,20
895,Owen_Defense_Hekili-Loa_Gambit,0.5,0
896,Owen_Defense_Matovinsky_Gambit,0.5,1
897,Owen_Defense_Naselwaus_Gambit,0.5,0
898,Owen_Defense_Other_variations,0.008617565943014284,19
899,Owen_Defense_Smith_Gambit,0.5,0
900,Owen_Defense_Wind_Gambit,0.5,0
901,Paleface_Attack,0.5,0
902,Paleface_Attack_Other_variations,0.5,0
903,Petrovs_Defense,0.01,6
904,Petrovs_Defense_Classical_Attack,0.00021955253783767463,3
905,Petrovs_Defense_Cochrane_Gambit,0.5,0
906,Petrovs_Defense_Cozio_Attack,0.5,0
907,Petrovs_Defense_Damiano_Variation,0.5,0
908,Petrovs_Defense_French_Attack,0.5,0
909,Petrovs_Defense_Italian_Variation,0.5,0
910,Petrovs_Defense_Karklins-Martinovsky_Variation,0.5,0
911,Petrovs_Defense_Kaufmann_Attack,0.5,0
912,Petrovs_Defense_Millennium_Attack,0.5,0
913,Petrovs_Defense_Modern_Attack,0.5,0
914,Petrovs_Defense_Nimzowitsch_Attack,0.5,0
915,Petrovs_Defense_Other_variations,0.0002503003970120017,1
916,Petrovs_Defense_Paulsen_Attack,0.5,0
917,Petrovs_Defense_Stafford_Gambit,0.0012065309350097495,2
918,Petrovs_Defense_Three_Knights_Game,0.5,0
919,Philidor_Defense,0.031960633913928393,33
920,Philidor_Defense_Albin-Blackburne_Gambit,0.5,0
921,Philidor_Defense_Bird_Gambit,0.5,0
922,Philidor_Defense_Boden_Variation,0.5,0
923,Philidor_Defense_Exchange_Variation,0.005815879297489488,5
924,Philidor_Defense_Hanham,0.5,0
925,Philidor_Defense_Hanham_Variation,0.5,0
926,Philidor_Defense_Larsen_Variation,0.5,0
927,Philidor_Defense_Lion_Variation,0.00019258186341850763,3
928,Philidor_Defense_Lopez_Countergambit,0.5,0
929,Philidor_Defense_Morphy_Gambit,0.00021955253783767463,1
930,Philidor_Defense_Nimzowitsch,0.5,0
931,Philidor_Defense_Nimzowitsch_Variation,0.5,0
932,Philidor_Defense_Other_variations,0.0215698017681358,21
933,Philidor_Defense_Paulsen_Attack,0.5,0
934,Philidor_Defense_Philidor_Countergambit,0.00016892436991625885,2
935,Philidor_Defense_Philidor_Gambit,0.5,0
936,Philidor_Defense_Steinitz_Variation,0.0004228183685504178,1
937,Pirc_Defense,0.028034467266016237,25
938,Pirc_Defense_150_Attack,0.5,0
939,Pirc_Defense_Austrian_Attack,0.0007142432649639984,3
940,Pirc_Defense_Bayonet_Attack,0.5,0
941,Pirc_Defense_Byrne_Variation,0.0009283084585962946,1
942,Pirc_Defense_Chinese_Variation,0.5,0
943,Pirc_Defense_Classical_Variation,0.006630380643615142,3
944,Pirc_Defense_Kholmov_System,0.5,0
945,Pirc_Defense_Other_variations,0.014557168971354988,17
946,Pirc_Defense_Roscher_Gambit,0.0001,1
947,Pirc_Defense_Sveshnikov_System,0.5,0
948,Polish_Defense,0.00021955253783767463,1
949,Polish_Defense_Other_variations,0.00021955253783767463,1
950,Polish_Defense_Spassky_Gambit_Accepted,0.5,0
951,Polish_Opening,0.0026489692876105297,7
952,Polish_Opening_Baltic_Defense,0.5,0
953,Polish_Opening_Birmingham_Gambit,0.5,0
954,Polish_Opening_Bugayev_Advance_Variation,0.5,0
955,Polish_Opening_Bugayev_Attack,0.5,0
956,Polish_Opening_Czech_Defense,0.0004228183685504178,3
957,Polish_Opening_Dutch_Defense,0.5,0
958,Polish_Opening_German_Defense,0.5,0
959,Polish_Opening_Grigorian_Variation,0.5,0
960,Polish_Opening_Kings_Indian_Variation,0.5,0
961,Polish_Opening_Myers_Variation,0.5,0
962,Polish_Opening_Other_variations,0.001375502989008857,3
963,Polish_Opening_Outflank_Variation,0.0002503003970120017,1
964,Polish_Opening_Queens_Indian_Variation,0.5,0
965,Polish_Opening_Queenside_Defense,0.5,0
966,Polish_Opening_Rooks_Swap_Line,0.5,0
967,Polish_Opening_Schiffler-Sokolsky_Variation,0.5,0
968,Polish_Opening_Schuehler_Gambit,0.5,0
969,Polish_Opening_Symmetrical_Variation,0.5,0
970,Polish_Opening_Tartakower_Gambit,0.5,0
971,Polish_Opening_Wolferts_Gambit,0.5,0
972,Polish_Opening_Zukertort_System,0.5,0
973,Ponziani_Opening,0.0026489692876105297,10
974,Ponziani_Opening_Caro_Gambit,0.5,0
975,Ponziani_Opening_Jaenisch_Counterattack,0.0009283084585962946,7
976,Ponziani_Opening_Leonhardt_Variation,0.5,0
977,Ponziani_Opening_Neumann_Gambit,0.00014817305350085574,1
978,Ponziani_Opening_Other_variations,0.0007142432649639984,2
979,Ponziani_Opening_Ponziani_Countergambit,0.5,0
980,Ponziani_Opening_Reti_Variation,0.5,0
981,Ponziani_Opening_Romanishin_Variation,0.5,0
982,Ponziani_Opening_Spanish_Variation,0.5,0
983,Ponziani_Opening_Steinitz_Variation,0.5,0
984,Ponziani_Opening_Vukovic_Gambit,0.5,0
985,Portuguese_Opening,0.0004228183685504178,1
986,Portuguese_Opening_Other_variations,0.0004228183685504178,1
987,Portuguese_Opening_Portuguese_Gambit,0.5,0
988,Pseudo_Queens_Indian_Defense,0.5,0
989,Pseudo_Queens_Indian_Defense_Other_variations,0.5,0
990,Pterodactyl_Defense,0.00037087774117744725,2
991,Pterodactyl_Defense_Austrian,0.5,0
992,Pterodactyl_Defense_Central,0.5,0
993,Pterodactyl_Defense_Eastern,0.00021955253783767463,1
994,Pterodactyl_Defense_Fianchetto,0.5,0
995,Pterodactyl_Defense_Other_variations,0.5,0
996,Pterodactyl_Defense_Queen_Pterodactyl,0.00012997090825113853,1
997,Pterodactyl_Defense_Sicilian,0.5,0
998,Pterodactyl_Defense_Western,0.5,0
999,Queens_Gambit,0.5,0
1000,Queens_Gambit_Accepted,0.011200328725276466,18
1001,Queens_Gambit_Accepted_Accelerated_Mannheim_Variation,0.00014817305350085574,1
1002,Queens_Gambit_Accepted_Alekhine_Defense,0.5,0
1003,Queens_Gambit_Accepted_Bogoljubov_Defense,0.5,0
1004,Queens_Gambit_Accepted_Bogoljubow_Defense,0.5,0
1005,Queens_Gambit_Accepted_Central_Variation,0.0020381247798099637,4
1006,Queens_Gambit_Accepted_Classical_Defense,0.5,0
1007,Queens_Gambit_Accepted_Furman_Variation,0.5,0
1008,Queens_Gambit_Accepted_Godes_Variation,0.5,0
1009,Queens_Gambit_Accepted_Gunsberg_Defense,0.5,0
1010,Queens_Gambit_Accepted_Janowski-Larsen_Variation,0.5,0
1011,Queens_Gambit_Accepted_Linares_Variation,0.5,0
1012,Queens_Gambit_Accepted_Mannheim_Variation,0.5,0
1013,Queens_Gambit_Accepted_Normal_Variation,0.0005495408738576248,1
1014,Queens_Gambit_Accepted_Old_Variation,0.004474754678371293,6
1015,Queens_Gambit_Accepted_Other_variations,0.0015681392145631252,6
1016,Queens_Gambit_Accepted_Rosenthal_Variation,0.5,0
1017,Queens_Gambit_Accepted_Saduleto_Variation,0.5,0
1018,Queens_Gambit_Accepted_Schwartz_Defense,0.5,0
1019,Queens_Gambit_Accepted_Showalter_Variation,0.5,0
1020,Queens_Gambit_Accepted_Slav_Gambit,0.5,0
1021,Queens_Gambit_Accepted_Smyslov_Variation,0.5,0
1022,Queens_Gambit_Accepted_Winawer_Defense,0.5,0
1023,Queens_Gambit_Declined,0.05398929946034567,87
1024,Queens_Gambit_Declined_Alapin_Variation,0.5,0
1025,Queens_Gambit_Declined_Albin_Countergambit,0.0015681392145631252,7
1026,Queens_Gambit_Declined_Alekhine_Variation,0.5,0
1027,Queens_Gambit_Declined_Anti-Tartakower_Variation,0.5,0
1028,Queens_Gambit_Declined_Austrian_Attack,0.00021955253783767463,1
1029,Queens_Gambit_Declined_Austrian_Defense,0.0004228183685504178,1
1030,Queens_Gambit_Declined_Baltic_Defense,0.0002503003970120017,3
1031,Queens_Gambit_Declined_Barmen_Variation,0.5,0
1032,Queens_Gambit_Declined_Been-Koomen_Variation,0.0001,1
1033,Queens_Gambit_Declined_Cambridge_Springs_Defense,0.5,0
1034,Queens_Gambit_Declined_Capablanca_Variation,0.5,0
1035,Queens_Gambit_Declined_Charousek_Variation,0.5,0
1036,Queens_Gambit_Declined_Chigorin_Defense,0.0017877537278363695,1
1037,Queens_Gambit_Declined_Exchange_Variation,0.0015681392145631252,4
1038,Queens_Gambit_Declined_Harrwitz_Attack,0.0020381247798099637,7
1039,Queens_Gambit_Declined_Janowski_Variation,0.0003253176993527042,1
1040,Queens_Gambit_Declined_Knight_Defense,0.5,0
1041,Queens_Gambit_Declined_Lasker_Defense,0.5,0
1042,Queens_Gambit_Declined_Manhattan_Variation,0.5,0
1043,Queens_Gambit_Declined_Marshall_Defense,0.005815879297489488,11
1044,Queens_Gambit_Declined_Miles_Variation,0.5,0
1045,Queens_Gambit_Declined_Modern_Variation,0.0020381247798099637,8
1046,Queens_Gambit_Declined_Neo-Orthodox_Variation,0.5,0
1047,Queens_Gambit_Declined_Normal_Defense,0.0017877537278363695,5
1048,Queens_Gambit_Declined_Orthodox_Defense,0.0008142714930301279,2
1049,Queens_Gambit_Declined_Other_variations,0.011200328725276466,18
1050,Queens_Gambit_Declined_Pillsbury_Attack,0.5,0
1051,Queens_Gambit_Declined_Pseudo-Tarrasch_Variation,0.5,0
1052,Queens_Gambit_Declined_Queens_Knight_Variation,0.0020381247798099637,6
1053,Queens_Gambit_Declined_Ragozin_Defense,0.00021955253783767463,2
1054,Queens_Gambit_Declined_Semi-Slav,0.5,0
1055,Queens_Gambit_Declined_Semi-Tarrasch_Defense,0.00011400478422028553,1
1056,Queens_Gambit_Declined_Semmering_Variation,0.5,0
1057,Queens_Gambit_Declined_Spielmann_Variation,0.5,0
1058,Queens_Gambit_Declined_Tarrasch_Defense,0.000626502887443656,2
1059,Queens_Gambit_Declined_Tartakower_Defense,0.5,0
1060,Queens_Gambit_Declined_Three_Knights,0.5,1
1061,Queens_Gambit_Declined_Three_Knights_Variation,0.001375502989008857,4
1062,Queens_Gambit_Declined_Traditional_Variation,0.000626502887443656,1
1063,Queens_Gambit_Declined_Vienna_Variation,0.5,0
1064,Queens_Gambit_Declined_Westphalian_Variation,0.5,0
1065,Queens_Gambit_Declined_Zilbermints_Gambit,0.5,0
1066,Queens_Gambit_Other_variations,0.5,0
1067,Queens_Indian_Accelerated,0.5,1
1068,Queens_Indian_Accelerated_Other_variations,0.5,1
1069,Queens_Indian_Defense,0.0015681392145631252,3
1070,Queens_Indian_Defense_Anti-Queens_Indian_System,0.5,0
1071,Queens_Indian_Defense_Buerger_Variation,0.5,0
1072,Queens_Indian_Defense_Capablanca_Variation,0.0001,1
1073,Queens_Indian_Defense_Classical_Variation,0.5,0
1074,Queens_Indian_Defense_Euwe_Variation,0.5,0
1075,Queens_Indian_Defense_Fianchetto_Traditional,0.5,0
1076,Queens_Indian_Defense_Fianchetto_Variation,0.5,0
1077,Queens_Indian_Defense_Kasparov-Petrosian_Variation,0.00019258186341850763,1
1078,Queens_Indian_Defense_Kasparov_Variation,0.00021955253783767463,1
1079,Queens_Indian_Defense_Miles_Variation,0.5,0
1080,Queens_Indian_Defense_Other_variations,0.5,0
1081,Queens_Indian_Defense_Petrosian_Variation,0.5,0
1082,Queens_Indian_Defense_Riumin_Variation,0.5,0
1083,Queens_Indian_Defense_Spassky_System,0.5,0
1084,Queens_Indian_Defense_Traditional_Variation,0.5,0
1085,Queens_Indian_Defense_Yates_Variation,0.5,0
1086,Queens_Pawn_Game,0.07999759357411514,126
1087,Queens_Pawn_Game_Accelerated_London_System,0.0215698017681358,31
1088,Queens_Pawn_Game_Anglo-Slav_Opening,0.5,0
1089,Queens_Pawn_Game_Anti-Torre,0.0009283084585962946,1
1090,Queens_Pawn_Game_Barry_Attack,0.5,0
1091,Queens_Pawn_Game_Chandler_Gambit,0.5,0
1092,Queens_Pawn_Game_Chigorin_Variation,0.006630380643615142,15
1093,Queens_Pawn_Game_Colle_System,0.004474754678371293,4
1094,Queens_Pawn_Game_Franco-Sicilian_Defense,0.5,0
1095,Queens_Pawn_Game_Hubsch_Gambit,0.5,0
1096,Queens_Pawn_Game_Krause_Variation,0.00037087774117744725,1
1097,Queens_Pawn_Game_Levitsky_Attack,0.0017877537278363695,2
1098,Queens_Pawn_Game_Liedmann_Gambit,0.5,0
1099,Queens_Pawn_Game_London_System,0.005815879297489488,15
1100,Queens_Pawn_Game_Mason_Attack,0.0008142714930301279,2
1101,Queens_Pawn_Game_Mason_Variation,0.0008142714930301279,6
1102,Queens_Pawn_Game_Modern_Defense,0.0017877537278363695,1
1103,Queens_Pawn_Game_Morris_Countergambit,0.0001,1
1104,Queens_Pawn_Game_Other_variations,0.011200328725276466,24
1105,Queens_Pawn_Game_Steinitz_Countergambit,0.0007142432649639984,4
1106,Queens_Pawn_Game_Stonewall_Attack,0.0005495408738576248,2
1107,Queens_Pawn_Game_Symmetrical_Variation,0.005815879297489488,6
1108,Queens_Pawn_Game_Torre_Attack,0.5,0
1109,Queens_Pawn_Game_Veresov,0.5,0
1110,Queens_Pawn_Game_Veresov_Attack,0.5,0
1111,Queens_Pawn_Game_Zukertort_Variation,0.006630380643615142,11
1112,Queens_Pawn_Game_Zurich_Gambit,0.5,0
1113,Queens_Pawn_Mengarini_Attack,0.5,0
1114,Queens_Pawn_Mengarini_Attack_Other_variations,0.5,0
1115,Rapport-Jobava_System,0.0015681392145631252,6
1116,Rapport-Jobava_System_Other_variations,0.0015681392145631252,6
1117,Rapport-Jobava_System_with_e6,0.5,0
1118,Rapport-Jobava_System_with_e6_Other_variations,0.5,0
1119,Rat_Defense,0.0020381247798099637,3
1120,Rat_Defense_Accelerated_Gurgenidze,0.5,0
1121,Rat_Defense_Antal_Defense,0.5,0
1122,Rat_Defense_Balogh_Defense,0.5,0
1123,Rat_Defense_English_Rat,0.5,0
1124,Rat_Defense_Fuller_Gambit,0.5,1
1125,Rat_Defense_Harmonist,0.0003253176993527042,1
1126,Rat_Defense_Petruccioli_Attack,0.5,0
1127,Rat_Defense_Small_Center_Defense,0.5,0
1128,Rat_Defense_Spike_Attack,0.5,1
1129,Reti_Opening,0.00048203316870963544,2
1130,Reti_Opening_Advance_Variation,0.5,0
1131,Reti_Opening_Anglo-Slav_Variation,0.5,0
1132,Reti_Opening_Other_variations,0.5,0
1133,Reti_Opening_Reti_Accepted,0.0002503003970120017,2
1134,Reti_Opening_Reti_Gambit,0.5,0
1135,Reti_Opening_Reversed_Blumenfeld_Gambit,0.5,0
1136,Reti_Opening_Zilbermints_Gambit,0.5,0
1137,Richter-Veresov_Attack,0.0008142714930301279,5
1138,Richter-Veresov_Attack_Boyce_Defense,0.5,0
1139,Richter-Veresov_Attack_Malich_Gambit,0.5,0
1140,Richter-Veresov_Attack_Other_variations,0.0007142432649639984,4
1141,Richter-Veresov_Attack_Richter_Variation,0.0001,1
1142,Richter-Veresov_Attack_Two_Knights_System,0.5,0
1143,Richter-Veresov_Attack_Veresov_Variation,0.5,0
1144,Robatsch_Defense,0.5,0
1145,Robatsch_Defense_Other_variations,0.5,0
1146,Rubinstein_Opening,0.5,1
1147,Rubinstein_Opening_Bogoljubov_Defense,0.5,0
1148,Rubinstein_Opening_Bogoljubow_Defense,0.5,0
1149,Rubinstein_Opening_Classical_Defense,0.5,0
1150,Rubinstein_Opening_Other_variations,0.5,1
1151,Rubinstein_Opening_Semi-Slav_Defense,0.5,0
1152,Russian_Game,0.05454545454545455,35
1153,Russian_Game_Classical_Attack,0.00048203316870963544,1
1154,Russian_Game_Cochrane_Gambit,0.00021955253783767463,1
1155,Russian_Game_Cozio_Attack,0.5,0
1156,Russian_Game_Damiano_Variation,0.003925058679752383,3
1157,Russian_Game_French_Attack,0.5,0
1158,Russian_Game_Italian_Variation,0.018920084727722997,8
1159,Russian_Game_Karklins-Martinovsky_Variation,0.5,0
1160,Russian_Game_Kaufmann_Attack,0.5,0
1161,Russian_Game_Millennium_Attack,0.5,0
1162,Russian_Game_Modern_Attack,0.0012065309350097495,1
1163,Russian_Game_Nimzowitsch_Attack,0.5,0
1164,Russian_Game_Other_variations,0.004474754678371293,5
1165,Russian_Game_Paulsen_Attack,0.5,0
1166,Russian_Game_Stafford_Gambit,0.016595869074375613,11
1167,Russian_Game_Three_Knights_Game,0.005815879297489488,5
1168,Ruy_Lopez,0.05398929946034567,70
1169,Ruy_Lopez_Alapin_Defense,0.5,0
1170,Ruy_Lopez_Berlin_Defense,0.016595869074375613,18
1171,Ruy_Lopez_Bird_Variation,0.0026489692876105297,7
1172,Ruy_Lopez_Birds_Defense_Deferred,0.5,0
1173,Ruy_Lopez_Brentano_Gambit,0.5,0
1174,Ruy_Lopez_Bulgarian_Variation,0.5,0
1175,Ruy_Lopez_Central_Countergambit,0.5,0
1176,Ruy_Lopez_Classical_Defense,0.5,0
1177,Ruy_Lopez_Classical_Variation,0.0008142714930301279,2
1178,Ruy_Lopez_Closed,0.0020381247798099637,2
1179,Ruy_Lopez_Closed_Berlin_Defense,0.5,0
1180,Ruy_Lopez_Cozio_Defense,0.0015681392145631252,5
1181,Ruy_Lopez_Exchange,0.5,0
1182,Ruy_Lopez_Exchange_Variation,0.005815879297489488,5
1183,Ruy_Lopez_Fianchetto_Defense,0.5,0
1184,Ruy_Lopez_Halloween_Attack,0.5,0
1185,Ruy_Lopez_Lucena_Variation,0.5,0
1186,Ruy_Lopez_Marshall_Attack,0.00048203316870963544,1
1187,Ruy_Lopez_Morphy_Defense,0.008617565943014284,14
1188,Ruy_Lopez_Noahs_Ark_Trap,0.5,0
1189,Ruy_Lopez_Nurnberg_Variation,0.0001,1
1190,Ruy_Lopez_Old_Steinitz_Defense,0.5,0
1191,Ruy_Lopez_Open,0.0005495408738576248,1
1192,Ruy_Lopez_Open_Berlin_Defense,0.5,0
1193,Ruy_Lopez_Other_variations,0.002323559757362519,2
1194,Ruy_Lopez_Pollock_Defense,0.5,0
1195,Ruy_Lopez_Retreat_Variation,0.5,0
1196,Ruy_Lopez_Rotary-Albany_Gambit,0.5,0
1197,Ruy_Lopez_Schliemann_Defense,0.5,0
1198,Ruy_Lopez_Spanish_Countergambit,0.5,0
1199,Ruy_Lopez_Steinitz_Defense,0.003925058679752383,12
1200,Ruy_Lopez_Vinogradov_Variation,0.5,0
1201,Saragossa_Opening,0.0008142714930301279,1
1202,Saragossa_Opening_Other_variations,0.0008142714930301279,1
1203,Scandinavian_Defense,0.04153952618075413,75
1204,Scandinavian_Defense_Anderssen_Counterattack,0.0003253176993527042,1
1205,Scandinavian_Defense_Blackburne-Kloosterboer_Gambit,0.0001,1
1206,Scandinavian_Defense_Blackburne_Gambit,0.0015681392145631252,3
1207,Scandinavian_Defense_Boehnke_Gambit,0.0008142714930301279,2
1208,Scandinavian_Defense_Bronstein_Variation,0.5,0
1209,Scandinavian_Defense_Classical_Variation,0.5,0
1210,Scandinavian_Defense_Grunfeld_Variation,0.5,0
1211,Scandinavian_Defense_Gubinsky-Melts_Defense,0.5,0
1212,Scandinavian_Defense_Icelandic-Palme_Gambit,0.0010583160551213644,1
1213,Scandinavian_Defense_Kadas_Gambit,0.5,0
1214,Scandinavian_Defense_Kiel_Variation,0.00019258186341850763,1
1215,Scandinavian_Defense_Kloosterboer_Gambit,0.5,0
1216,Scandinavian_Defense_Lasker_Variation,0.00021955253783767463,1
1217,Scandinavian_Defense_Main_Line,0.008617565943014284,16
1218,Scandinavian_Defense_Marshall_Variation,0.000626502887443656,2
1219,Scandinavian_Defense_Mieses-Kotroc_Variation,0.01,17
1220,Scandinavian_Defense_Modern_Variation,0.011200328725276466,15
1221,Scandinavian_Defense_Other_variations,0.007558951145737014,9
1222,Scandinavian_Defense_Panov_Transfer,0.0007142432649639984,1
1223,Scandinavian_Defense_Portuguese_Gambit,0.5,1
1224,Scandinavian_Defense_Portuguese_Variation,0.5,0
1225,Scandinavian_Defense_Richter_Variation,0.00014817305350085574,1
1226,Scandinavian_Defense_Schiller-Pytel_Variation,0.5,0
1227,Scandinavian_Defense_Valencian_Variation,0.0010583160551213644,3
1228,Scandinavian_Defense_Zilbermints_Gambit,0.5,0
1229,Scotch_Game,0.05398929946034567,59
1230,Scotch_Game_Alekhine_Gambit,0.5,0
1231,Scotch_Game_Benima_Defense,0.001375502989008857,1
1232,Scotch_Game_Blumenfeld_Attack,0.5,0
1233,Scotch_Game_Braune_Variation,0.5,0
1234,Scotch_Game_Classical_Variation,0.006630380643615142,13
1235,Scotch_Game_Cochrane-Shumov_Defense,0.5,0
1236,Scotch_Game_Cochrane_Variation,0.5,0
1237,Scotch_Game_Fraser_Variation,0.5,0
1238,Scotch_Game_Ghulam-Kassim_Variation,0.5,0
1239,Scotch_Game_Goring_Gambit,0.0015681392145631252,4
1240,Scotch_Game_Hanneken_Variation,0.5,0
1241,Scotch_Game_Haxo_Gambit,0.0008142714930301279,2
1242,Scotch_Game_Horwitz_Attack,0.5,0
1243,Scotch_Game_Lolli_Variation,0.002323559757362519,3
1244,Scotch_Game_Malaniuk_Variation,0.5,0
1245,Scotch_Game_Meitner_Variation,0.5,0
1246,Scotch_Game_Mieses_Variation,0.0003253176993527042,1
1247,Scotch_Game_Modern_Defense,0.5,0
1248,Scotch_Game_Napoleon_Gambit,0.5,0
1249,Scotch_Game_Other_variations,0.018920084727722997,19
1250,Scotch_Game_Paulsen_Attack,0.5,0
1251,Scotch_Game_Paulsen_Variation,0.5,0
1252,Scotch_Game_Potter_Variation,0.5,0
1253,Scotch_Game_Relfsson_Gambit,0.5,0
1254,Scotch_Game_Romanishin_Variation,0.5,0
1255,Scotch_Game_Schmidt_Variation,0.0026489692876105297,3
1256,Scotch_Game_Scotch_Gambit,0.014557168971354988,13
1257,Scotch_Game_Steinitz_Variation,0.5,0
1258,Scotch_Game_Tartakower_Variation,0.5,0
1259,Scotch_Game_Vitzthum_Attack,0.5,0
1260,Semi-Slav_Defense,0.006630380643615142,12
1261,Semi-Slav_Defense_Accelerated_Meran_Variation,0.5,0
1262,Semi-Slav_Defense_Accelerated_Move_Order,0.00037087774117744725,1
1263,Semi-Slav_Defense_Accepted,0.5,0
1264,Semi-Slav_Defense_Accepted_Other_variations,0.5,0
1265,Semi-Slav_Defense_Anti-Moscow_Gambit,0.0008142714930301279,3
1266,Semi-Slav_Defense_Anti-Noteboom,0.5,0
1267,Semi-Slav_Defense_Bogoljubov_Variation,0.5,1
1268,Semi-Slav_Defense_Bogoljubow_Variation,0.5,0
1269,Semi-Slav_Defense_Botvinnik_Variation,0.5,0
1270,Semi-Slav_Defense_Chigorin_Defense,0.5,0
1271,Semi-Slav_Defense_Gunderam_Gambit,0.5,0
1272,Semi-Slav_Defense_Main_Line,0.5,0
1273,Semi-Slav_Defense_Marshall_Gambit,0.00019258186341850763,1
1274,Semi-Slav_Defense_Meran_Variation,0.5,0
1275,Semi-Slav_Defense_Normal_Variation,0.5,0
1276,Semi-Slav_Defense_Noteboom_Variation,0.00016892436991625885,1
1277,Semi-Slav_Defense_Other_variations,0.00048203316870963544,3
1278,Semi-Slav_Defense_Quiet_Variation,0.5,1
1279,Semi-Slav_Defense_Romih_Variation,0.5,0
1280,Semi-Slav_Defense_Rubinstein_System,0.5,0
1281,Semi-Slav_Defense_Semi-Meran_Variation,0.5,0
1282,Semi-Slav_Defense_Stoltz_Variation,0.00012997090825113853,1
1283,Semi-Slav_Defense_Stonewall_Defense,0.5,0
1284,Sicilian_Defense,0.1540608563949954,317
1285,Sicilian_Defense_Accelerated_Dragon,0.0215698017681358,8
1286,Sicilian_Defense_Accelerated_Fianchetto,0.5,0
1287,Sicilian_Defense_Alapin_Variation,0.007558951145737014,18
1288,Sicilian_Defense_Amazon_Attack,0.5,0
1289,Sicilian_Defense_Big_Clamp_Formation,0.5,0
1290,Sicilian_Defense_Boleslavsky_Variation,0.5,0
1291,Sicilian_Defense_Bowdler_Attack,0.011200328725276466,14
1292,Sicilian_Defense_Brick_Variation,0.5,0
1293,Sicilian_Defense_Brussels_Gambit,0.5,0
1294,Sicilian_Defense_Bucker_Variation,0.00037087774117744725,1
1295,Sicilian_Defense_Canal_Attack,0.0008142714930301279,1
1296,Sicilian_Defense_Chekhover_Variation,0.0012065309350097495,2
1297,Sicilian_Defense_Classical_Variation,0.0003253176993527042,4
1298,Sicilian_Defense_Closed,0.008617565943014284,24
1299,Sicilian_Defense_Coles_Sicilian_Gambit,0.5,0
1300,Sicilian_Defense_Delayed_Alapin,0.003019951720402016,2
1301,Sicilian_Defense_Delayed_Alapin_Variation,0.0020381247798099637,5
1302,Sicilian_Defense_Double-Dutch_Gambit,0.5,0
1303,Sicilian_Defense_Dragon_Variation,0.02484848484848485,11
1304,Sicilian_Defense_Drazic_Variation,0.00019258186341850763,1
1305,Sicilian_Defense_Euwe_Attack,0.5,0
1306,Sicilian_Defense_Flohr_Variation,0.0002503003970120017,1
1307,Sicilian_Defense_Four_Knights_Variation,0.0009283084585962946,2
1308,Sicilian_Defense_Franco-Sicilian_Variation,0.000626502887443656,2
1309,Sicilian_Defense_French_Variation,0.0020381247798099637,8
1310,Sicilian_Defense_Gaw-Paw_Variation,0.5,0
1311,Sicilian_Defense_Gloria_Variation,0.5,0
1312,Sicilian_Defense_Godiva_Variation,0.5,0
1313,Sicilian_Defense_Grand_Prix_Attack,0.003019951720402016,5
1314,Sicilian_Defense_Grob_Variation,0.5,0
1315,Sicilian_Defense_Halasz_Gambit,0.5,0
1316,Sicilian_Defense_Hyperaccelerated_Dragon,0.0026489692876105297,6
1317,Sicilian_Defense_Hyperaccelerated_Fianchetto,0.5,0
1318,Sicilian_Defense_Hyperaccelerated_Pterodactyl,0.5,0
1319,Sicilian_Defense_Jalalabad_Variation,0.00028535442751605026,2
1320,Sicilian_Defense_Kalashnikov_Variation,0.00037087774117744725,2
1321,Sicilian_Defense_Kan_Variation,0.003925058679752383,7
1322,Sicilian_Defense_Katalimov_Variation,0.0003253176993527042,4
1323,Sicilian_Defense_Keres_Variation,0.00021955253783767463,1
1324,Sicilian_Defense_King_Davids_Opening,0.5,0
1325,Sicilian_Defense_Kopec_System,0.5,0
1326,Sicilian_Defense_Kramnik_Variation,0.00021955253783767463,1
1327,Sicilian_Defense_Kronberger_Variation,0.5,0
1328,Sicilian_Defense_Kupreichik_Variation,0.5,0
1329,Sicilian_Defense_Kveinis_Variation,0.5,0
1330,Sicilian_Defense_Lasker-Dunne_Attack,0.0007142432649639984,1
1331,Sicilian_Defense_Lasker-Pelikan_Variation,0.0017877537278363695,7
1332,Sicilian_Defense_Lowenthal_Variation,0.004474754678371293,12
1333,Sicilian_Defense_Magnus_Smith_Trap,0.5,0
1334,Sicilian_Defense_Marshall_Counterattack,0.5,0
1335,Sicilian_Defense_Marshall_Gambit,0.0008142714930301279,3
1336,Sicilian_Defense_McDonnell_Attack,0.007558951145737014,12
1337,Sicilian_Defense_Mengarini_Variation,0.5,0
1338,Sicilian_Defense_Modern_Variations,0.007558951145737014,15
1339,Sicilian_Defense_Mongoose_Variation,0.5,0
1340,Sicilian_Defense_Morphy_Gambit,0.0002503003970120017,1
1341,Sicilian_Defense_Moscow_Variation,0.000626502887443656,2
1342,Sicilian_Defense_Myers_Attack,0.5,0
1343,Sicilian_Defense_Najdorf_Variation,0.01,16
1344,Sicilian_Defense_Nimzo-American_Variation,0.5,0
1345,Sicilian_Defense_Nimzowitsch_Variation,0.001375502989008857,1
1346,Sicilian_Defense_Nyezhmetdinov-Rossolimo_Attack,0.0034428894424011155,6
1347,Sicilian_Defense_OKelly_Variation,0.0020381247798099637,3
1348,Sicilian_Defense_Old_Sicilian,0.016595869074375613,27
1349,Sicilian_Defense_Open,0.007558951145737014,11
1350,Sicilian_Defense_Other_variations,0.011200328725276466,19
1351,Sicilian_Defense_Paulsen-Basman_Defense,0.00019258186341850763,1
1352,Sicilian_Defense_Pin_Variation,0.001375502989008857,3
1353,Sicilian_Defense_Polish_Gambit,0.5,0
1354,Sicilian_Defense_Portsmouth_Gambit,0.5,0
1355,Sicilian_Defense_Prins_Variation,0.5,0
1356,Sicilian_Defense_Quinteros_Variation,0.5,0
1357,Sicilian_Defense_Richter-Rauzer_Variation,0.00037087774117744725,1
1358,Sicilian_Defense_Rossolimo_Variation,0.5,0
1359,Sicilian_Defense_Scheveningen_Variation,0.0012065309350097495,3
1360,Sicilian_Defense_Smith-Morra_Gambit,0.012768910595214079,8
1361,Sicilian_Defense_Smith-Morra_Gambit_Accepted,0.003925058679752383,5
1362,Sicilian_Defense_Smith-Morra_Gambit_Declined,0.0007142432649639984,2
1363,Sicilian_Defense_Smith-Morra_Gambit_Deferred,0.00021955253783767463,1
1364,Sicilian_Defense_Snyder_Variation,0.00021955253783767463,2
1365,Sicilian_Defense_Sozin,0.0007142432649639984,2
1366,Sicilian_Defense_Sozin_Attack,0.5,0
1367,Sicilian_Defense_Staunton-Cochrane_Variation,0.0017877537278363695,2
1368,Sicilian_Defense_Taimanov_Variation,0.007558951145737014,16
1369,Sicilian_Defense_Velimirovic_Attack,0.5,0
1370,Sicilian_Defense_Venice_Attack,0.5,0
1371,Sicilian_Defense_Wing_Gambit,0.0010583160551213644,3
1372,Sicilian_Defense_Wing_Gambit_Deferred,0.5,0
1373,Sicilian_Defense_Yates_Variation,0.5,0
1374,Slav_Defense,0.028034467266016237,36
1375,Slav_Defense_Alapin_Variation,0.5,0
1376,Slav_Defense_Alekhine_Variation,0.00012997090825113853,1
1377,Slav_Defense_Bonet_Gambit,0.5,0
1378,Slav_Defense_Breyer_Variation,0.5,0
1379,Slav_Defense_Chameleon_Variation,0.5,0
1380,Slav_Defense_Chebanenko_Variation,0.5,0
1381,Slav_Defense_Czech_Variation,0.5,1
1382,Slav_Defense_Diemer_Gambit,0.00037087774117744725,1
1383,Slav_Defense_Exchange_Variation,0.002323559757362519,2
1384,Slav_Defense_Geller_Gambit,0.00016892436991625885,1
1385,Slav_Defense_Modern_Line,0.0010583160551213644,2
1386,Slav_Defense_Other_variations,0.006630380643615142,15
1387,Slav_Defense_Quiet_Variation,0.000626502887443656,7
1388,Slav_Defense_Schlechter_Variation,0.00048203316870963544,1
1389,Slav_Defense_Slav_Gambit,0.5,0
1390,Slav_Defense_Smyslov_Variation,0.5,0
1391,Slav_Defense_Soultanbeieff_Variation,0.5,0
1392,Slav_Defense_Steiner_Variation,0.5,0
1393,Slav_Defense_Suchting_Variation,0.5,0
1394,Slav_Defense_Three_Knights_Variation,0.0026489692876105297,4
1395,Slav_Defense_Two_Knights_Attack,0.5,0
1396,Slav_Defense_Winawer_Countergambit,0.0003253176993527042,1
1397,Slav_Indian,0.00019258186341850763,1
1398,Slav_Indian_Kudischewitsch_Gambit,0.5,0
1399,Slav_Indian_Other_variations,0.00019258186341850763,1
1400,Sodium_Attack,0.5,0
1401,Sodium_Attack_Other_variations,0.5,0
1402,St_George_Defense,0.0007142432649639984,4
1403,St_George_Defense_New_St_George,0.5,0
1404,St_George_Defense_Other_variations,0.0009283084585962946,3
1405,St_George_Defense_Polish_Variation,0.5,1
1406,St_George_Defense_San_Jorge_Variation,0.5,0
1407,St_George_Defense_St_George_Gambit,0.5,0
1408,St_George_Defense_Zilbermints_Gambit,0.5,0
1409,System,0.5,0
1410,System_Double_Duck_Formation,0.5,0
1411,Tarrasch_Defense,0.003925058679752383,2
1412,Tarrasch_Defense_Classical_Variation,0.5,0
1413,Tarrasch_Defense_Dubov_Tarrasch,0.5,0
1414,Tarrasch_Defense_Grunfeld_Gambit,0.5,0
1415,Tarrasch_Defense_Marshall_Gambit,0.5,0
1416,Tarrasch_Defense_Other_variations,0.00021955253783767463,1
1417,Tarrasch_Defense_Prague_Variation,0.5,0
1418,Tarrasch_Defense_Rubinstein_System,0.5,0
1419,Tarrasch_Defense_Schara_Gambit,0.5,0
1420,Tarrasch_Defense_Swedish_Variation,0.5,0
1421,Tarrasch_Defense_Symmetrical_Variation,0.5,0
1422,Tarrasch_Defense_Tarrasch_Gambit,0.5,0
1423,Tarrasch_Defense_Two_Knights_Variation,0.0009283084585962946,1
1424,Tarrasch_Defense_Wagner_Variation,0.5,0
1425,Tarrasch_Defense_von_Hennig_Gambit,0.5,0
1426,Three_Knights_Opening,0.008617565943014284,10
1427,Three_Knights_Opening_Other_variations,0.008617565943014284,9
1428,Three_Knights_Opening_Schlechter_Variation,0.5,0
1429,Three_Knights_Opening_Steinitz-Rosenthal_Variation,0.5,0
1430,Three_Knights_Opening_Steinitz_Defense,0.5,0
1431,Three_Knights_Opening_Winawer_Defense,0.0003253176993527042,1
1432,Torre_Attack,0.001375502989008857,5
1433,Torre_Attack_Classical_Defense,0.0003253176993527042,3
1434,Torre_Attack_Fianchetto_Defense,0.00019258186341850763,2
1435,Torre_Attack_Other_variations,0.5,0
1436,Torre_Attack_Wagner_Gambit,0.5,0
1437,Trompowsky_Attack,0.003019951720402016,3
1438,Trompowsky_Attack_Borg_Variation,0.5,0
1439,Trompowsky_Attack_Classical_Defense,0.0008142714930301279,1
1440,Trompowsky_Attack_Edge_Variation,0.5,0
1441,Trompowsky_Attack_Other_variations,0.00016892436991625885,2
1442,Trompowsky_Attack_Poisoned_Pawn_Variation,0.5,0
1443,Trompowsky_Attack_Raptor_Variation,0.5,0
1444,Valencia_Opening,0.5,0
1445,Valencia_Opening_Other_variations,0.5,0
1446,Van_Geet_Opening,0.0017877537278363695,5
1447,Van_Geet_Opening_Battambang_Variation,0.5,0
1448,Van_Geet_Opening_Berlin_Gambit,0.5,0
1449,Van_Geet_Opening_Billockus-Johansen_Gambit,0.5,0
1450,Van_Geet_Opening_Caro-Kann_Variation,0.5,0
1451,Van_Geet_Opening_Damhaug_Gambit,0.5,0
1452,Van_Geet_Opening_Dougherty_Gambit,0.5,0
1453,Van_Geet_Opening_Dunst-Perrenet_Gambit,0.5,0
1454,Van_Geet_Opening_Grunfeld_Defense,0.5,0
1455,Van_Geet_Opening_Hector_Gambit,0.5,0
1456,Van_Geet_Opening_Hergert_Gambit,0.5,0
1457,Van_Geet_Opening_Kluever_Gambit,0.5,0
1458,Van_Geet_Opening_Laroche_Gambit,0.5,0
1459,Van_Geet_Opening_Liebig_Gambit,0.5,0
1460,Van_Geet_Opening_Myers_Attack,0.5,0
1461,Van_Geet_Opening_Napoleon_Attack,0.5,1
1462,Van_Geet_Opening_Novosibirsk_Variation,0.5,0
1463,Van_Geet_Opening_Nowokunski_Gambit,0.5,0
1464,Van_Geet_Opening_Other_variations,0.0005495408738576248,3
1465,Van_Geet_Opening_Reversed_Nimzowitsch,0.0002503003970120017,1
1466,Van_Geet_Opening_Reversed_Scandinavian,0.5,0
1467,Van_Geet_Opening_Sicilian_Two_Knights,0.5,0
1468,Van_Geet_Opening_Tubingen_Gambit,0.5,0
1469,Van_Geet_Opening_Venezolana_Variation,0.5,0
1470,Vant_Kruijs_Opening,0.006630380643615142,10
1471,Vant_Kruijs_Opening_Keoni-Hiva_Gambit,0.5,0
1472,Vant_Kruijs_Opening_Other_variations,0.006630380643615142,10
1473,Vienna_Gambit_with_Max_Lange_Defense,0.0020381247798099637,3
1474,Vienna_Gambit_with_Max_Lange_Defense_Cunningham_Defense,0.5,0
1475,Vienna_Gambit_with_Max_Lange_Defense_Hamppe-Allgaier_Gambit,0.5,0
1476,Vienna_Gambit_with_Max_Lange_Defense_Hamppe-Muzio_Gambit,0.5,0
1477,Vienna_Gambit_with_Max_Lange_Defense_Knight_Variation,0.5,1
1478,Vienna_Gambit_with_Max_Lange_Defense_Other_variations,0.0008142714930301279,1
1479,Vienna_Gambit_with_Max_Lange_Defense_Pierce_Gambit,0.5,0
1480,Vienna_Gambit_with_Max_Lange_Defense_Steinitz_Gambit,0.5,1
1481,Vienna_Game,0.031960633913928393,28
1482,Vienna_Game_Anderssen_Defense,0.0020381247798099637,1
1483,Vienna_Game_Falkbeer_Variation,0.00037087774117744725,1
1484,Vienna_Game_Frankenstein-Dracula_Variation,0.5,0
1485,Vienna_Game_Fyfe_Gambit,0.5,0
1486,Vienna_Game_Giraffe_Attack,0.5,0
1487,Vienna_Game_Hamppe-Meitner_Variation,0.5,0
1488,Vienna_Game_Heyde_Variation,0.5,0
1489,Vienna_Game_Max_Lange_Defense,0.003925058679752383,6
1490,Vienna_Game_Mengarini_Variation,0.5,1
1491,Vienna_Game_Mieses_Variation,0.5,0
1492,Vienna_Game_Omaha_Gambit,0.0002503003970120017,1
1493,Vienna_Game_Other_variations,0.006630380643615142,5
1494,Vienna_Game_Paulsen_Variation,0.5,0
1495,Vienna_Game_Philidor_Countergambit,0.5,0
1496,Vienna_Game_Stanley_Variation,0.008617565943014284,8
1497,Vienna_Game_Vienna_Gambit,0.007558951145737014,5
1498,Vienna_Game_Zhuravlev_Countergambit,0.5,0
1499,Vulture_Defense,0.5,0
1500,Vulture_Defense_Other_variations,0.5,0
1501,Wade_Defense,0.5,0
1502,Wade_Defense_Other_variations,0.5,0
1503,Ware_Defense,0.0005495408738576248,1
1504,Ware_Defense_Other_variations,0.0005495408738576248,1
1505,Ware_Defense_Snagglepuss_Defense,0.5,0
1506,Ware_Opening,0.000626502887443656,2
1507,Ware_Opening_Crab_Variation,0.5,0
1508,Ware_Opening_Meadow_Hay_Trap,0.5,0
1509,Ware_Opening_Other_variations,0.000626502887443656,2
1510,Ware_Opening_Symmetric_Variation,0.5,0
1511,Yusupov-Rubinstein_System,0.0007142432649639984,1
1512,Yusupov-Rubinstein_System_Other_variations,0.0007142432649639984,1
1513,Zaire_Defense,0.5,0
1514,Zaire_Defense_Other_variations,0.5,0
1515,Zukertort_Defense,0.5,0
1516,Zukertort_Defense_Kingside_Variation,0.5,0
1517,Zukertort_Defense_Sicilian_Knight_Variation,0.5,0
1518,Zukertort_Opening,0.014557168971354988,39
1519,Zukertort_Opening_Ampel_Variation,0.5,0
1520,Zukertort_Opening_Arctic_Defense,0.5,0
1521,Zukertort_Opening_Basman_Defense,0.5,0
1522,Zukertort_Opening_Black_Mustang_Defense,0.0007142432649639984,4
1523,Zukertort_Opening_Double_Fianchetto_Attack,0.5,0
1524,Zukertort_Opening_Drunken_Cavalry_Variation,0.5,0
1525,Zukertort_Opening_Dutch_Variation,0.00016892436991625885,1
1526,Zukertort_Opening_Grunfeld_Reversed,0.00011400478422028553,1
1527,Zukertort_Opening_Herrstrom_Gambit,0.5,0
1528,Zukertort_Opening_Kingside_Fianchetto,0.0020381247798099637,4
1529,Zukertort_Opening_Lemberger_Gambit,0.0001,1
1530,Zukertort_Opening_Lisitsyn_Gambit,0.5,0
1531,Zukertort_Opening_Lisitsyn_Gambit_Deferred,0.00011400478422028553,1
1532,Zukertort_Opening_Nimzo-Larsen_Variation,0.0005495408738576248,3
1533,Zukertort_Opening_Old_Indian_Attack,0.00048203316870963544,1
1534,Zukertort_Opening_Other_variations,0.002323559757362519,1
1535,Zukertort_Opening_Pirc_Invitation,0.0003253176993527042,1
1536,Zukertort_Opening_Polish_Defense,0.00011400478422028553,1
1537,Zukertort_Opening_Queens_Gambit_Invitation,0.5,1
1538,Zukertort_Opening_Queenside_Fianchetto_Variation,0.5,0
1539,Zukertort_Opening_Quiet_System,0.5,0
1540,Zukertort_Opening_Reversed_Grunfeld,0.5,0
1541,Zukertort_Opening_Reversed_Mexican_Defense,0.5,0
1542,Zukertort_Opening_Ross_Gambit,0.5,0
1543,Zukertort_Opening_Santasieres_Folly,0.5,0
1544,Zukertort_Opening_Sicilian_Invitation,0.0015681392145631252,9
1545,Zukertort_Opening_Slav_Invitation,0.5,0
1546,Zukertort_Opening_Speelsmet_Gambit,0.5,0
1547,Zukertort_Opening_St_George_Defense,0.5,0
1548,Zukertort_Opening_Tennison_Gambit,0.003019951720402016,7
1549,Zukertort_Opening_The_Potato,0.5,0
1550,Zukertort_Opening_The_Walrus,0.5,1
1551,Zukertort_Opening_Vos_Gambit,0.5,0
1552,Zukertort_Opening_Wade_Defense,0.00011400478422028553,2
1553,Zukertort_Opening_Ware_Defense,0.5,0
1554,advancedPawn,0.1881818181818182,615
1555,advantage,0.17563674690103828,2957
1556,anastasiaMate,0.0034428894424011155,9
1557,arabianMate,0.004474754678371293,14
1558,attackingF2F7,0.0615503843518108,69
1559,attraction,0.04153952618075413,347
1560,backRankMate,0.22827667517003308,338
1561,bishopEndgame,0.3515151515151515,127
1562,bodenMate,0.003019951720402016,7
1563,capturingDefender,0.018920084727722997,69
1564,castling,0.0017877537278363695,8
1565,clearance,0.018920084727722997,157
1566,crushing,0.2772727272727273,3974
1567,defensiveMove,0.1881818181818182,616
1568,deflection,0.039696969696969696,416
1569,discoveredAttack,0.09909090909090909,535
1570,doubleBishopMate,0.0020381247798099637,3
1571,doubleCheck,0.016595869074375613,53
1572,dovetailMate,0.0017877537278363695,7
1573,enPassant,0.0015681392145631252,19
1574,endgame,0.5,4795
1575,equality,0.008617565943014284,96
1576,exposedKing,0.0615503843518108,303
1577,fork,0.1540608563949954,1372
1578,hangingPiece,0.04153952618075413,440
1579,hookMate,0.005101434415464325,21
1580,interference,0.006630380643615142,45
1581,intermezzo,0.02459060596250655,125
1582,killBoxMate,0.004474754678371293,9
1583,kingsideAttack,0.14363636363636365,843
1584,knightEndgame,0.03643665172900946,83
1585,long,0.1881818181818182,2497
1586,master,0.1540608563949954,1397
1587,masterVsMaster,0.02484848484848485,140
1588,mate,0.41090909090909095,2877
1589,mateIn1,0.23272727272727273,1246
1590,mateIn2,0.23272727272727273,1272
1591,mateIn3,0.10397359894733198,313
1592,mateIn4,0.02459060596250655,41
1593,mateIn5,0.0034428894424011155,5
1594,middlegame,0.5,4628
1595,oneMove,0.2178787878787879,1336
1596,opening,0.07999759357411514,553
1597,pawnEndgame,0.012768910595214079,307
1598,pin,0.0615503843518108,609
1599,promotion,0.11393939393939394,245
1600,queenEndgame,0.2772727272727273,119
1601,queenRookEndgame,0.5,83
1602,queensideAttack,0.028034467266016237,158
1603,quietMove,0.14363636363636365,424
1604,rookEndgame,0.5,550
1605,sacrifice,0.11393939393939394,771
1606,short,0.306969696969697,5237
1607,skewer,0.07017038286703829,229
1608,smotheredMate,0.047357047188497765,42
1609,superGM,0.00028535442751605026,6
1610,trappedPiece,0.039696969696969696,125
1611,underPromotion,0.00019258186341850763,1
1612,veryLong,0.14363636363636365,834
1613,vukovicMate,0.0008142714930301279,4
1614,xRayAttack,0.012768910595214079,24
1615,zugzwang,0.09909090909090909,93
